frame,card1Name,card1Label,card2Name,card2Label,card3Name,card3Label,card4Name,card4Label,cardPlayedName,cardPlayedLabel,slotPlayed,elixir,predicted_cardPlayed,y_cardPlayed,y_elixirConsumed,predicted_elixirConsumed
00225,Knight,57.0,Ice Spirit,53.0,X,104.0,Fireball,29.0,,,,6.0,False,False,0.0,0.0
00240,Knight,57.0,Ice Spirit,53.0,X,104.0,Fireball,29.0,,,,6.0,False,False,0.0,0.0
00255,Knight,57.0,Ice Spirit,53.0,X,104.0,Fireball,29.0,,,,6.0,False,False,0.0,0.0
00270,Knight,57.0,Ice Spirit,53.0,X,104.0,Fireball,29.0,,,,6.0,False,False,0.0,0.0
00285,Knight,57.0,Ice Spirit,53.0,X,104.0,Fireball,29.0,,,,7.0,False,False,0.0,0.0
00300,Knight,57.0,Ice Spirit,53.0,X,104.0,Fireball,29.0,,,,7.0,False,False,0.0,0.0
00315,Knight,57.0,Ice Spirit,53.0,X,104.0,Fireball,29.0,,,,7.0,False,False,0.0,0.0
00330,Knight,57.0,Ice Spirit,53.0,X,104.0,Fireball,29.0,,,,7.0,False,False,0.0,0.0
00345,Knight,57.0,Ice Spirit,53.0,X,104.0,Fireball,29.0,,,,7.0,False,False,0.0,0.0
00360,Knight,57.0,Ice Spirit,53.0,X,104.0,Fireball,29.0,,,,8.0,False,False,0.0,0.0
00375,Knight,57.0,Ice Spirit,53.0,X,104.0,Fireball,29.0,,,,8.0,False,False,0.0,0.0
00390,Knight,57.0,Ice Spirit,53.0,X,104.0,Fireball,29.0,,,,8.0,False,False,0.0,0.0
00405,Knight,57.0,Ice Spirit,53.0,X,104.0,Fireball,29.0,,,,8.0,False,False,0.0,0.0
00420,Knight,57.0,Ice Spirit,53.0,X,104.0,Fireball,29.0,,,,8.0,False,False,0.0,0.0
00435,Knight,57.0,Ice Spirit,53.0,X,104.0,Fireball,29.0,,,,8.0,False,False,0.0,0.0
00450,Knight,57.0,Ice Spirit,53.0,X,104.0,Fireball,29.0,,,,9.0,False,False,0.0,0.0
00465,Knight,57.0,Skeleton Dragons,90.0,X,104.0,Fireball,29.0,Ice Spirit,53.0,2.0,8.0,True,True,1.0,2.0
00480,Knight,57.0,Skeleton Dragons,90.0,X,104.0,Fireball,29.0,,,,8.0,False,False,0.0,0.0
00495,Knight,57.0,Skeletons,92.0,X,104.0,Fireball,29.0,Skeleton Dragons,90.0,2.0,8.0,True,False,0.0,3.0
00510,Knight,57.0,Skeletons,92.0,X,104.0,Fireball,29.0,,,,8.0,False,False,0.0,0.0
00525,Knight,57.0,Skeletons,92.0,X,104.0,Fireball,29.0,,,,9.0,False,False,0.0,0.0
00540,Knight,57.0,Skeletons,92.0,X,104.0,Fireball,29.0,,,,9.0,False,False,0.0,0.0
00555,Knight,57.0,Golem,46.0,X,104.0,Fireball,29.0,Skeletons,92.0,2.0,8.0,True,True,1.0,4.0
00570,Knight,57.0,Golem,46.0,X,104.0,Fireball,29.0,,,,8.0,False,False,0.0,0.0
00585,Knight,57.0,Golem,46.0,X,104.0,Fireball,29.0,,,,8.0,False,False,0.0,0.0
00600,Golden Knight,45.0,Graveyard,47.0,X,104.0,Fireball,29.0,Golem,46.0,2.0,8.0,True,False,0.0,4.0
00615,Knight,57.0,Arrows,1.0,X,104.0,Fireball,29.0,Graveyard,47.0,2.0,9.0,True,False,0.0,8.0
00630,The Log,96.0,Graveyard,47.0,X,104.0,Fireball,29.0,Arrows,1.0,2.0,6.0,True,True,3.0,5.0
00645,The Log,96.0,Fire Spirit,28.0,X,104.0,Fireball,29.0,Graveyard,47.0,2.0,6.0,True,False,0.0,8.0
00660,The Log,96.0,Golem,46.0,X,104.0,Fireball,29.0,Fire Spirit,28.0,2.0,6.0,True,False,0.0,5.0
00675,The Log,96.0,Golem,46.0,X,104.0,Fireball,29.0,,,,6.0,False,False,0.0,0.0
00690,The Log,96.0,Golem,46.0,X,104.0,Fireball,29.0,,,,6.0,False,False,0.0,0.0
00705,The Log,96.0,Golem,46.0,X,104.0,Fireball,29.0,,,,7.0,False,False,0.0,0.0
00720,The Log,96.0,Golem,46.0,X,104.0,Fireball,29.0,,,,7.0,False,False,0.0,0.0
00735,The Log,96.0,Golem,46.0,X,104.0,Fireball,29.0,,,,7.0,False,False,0.0,0.0
00750,The Log,96.0,Golem,46.0,X,104.0,Fireball,29.0,,,,7.0,False,False,0.0,0.0
00765,The Log,96.0,Golem,46.0,X,104.0,Fireball,29.0,,,,7.0,False,False,0.0,0.0
00780,The Log,96.0,Golem,46.0,X,104.0,Fireball,29.0,,,,7.0,False,False,0.0,0.0
00795,The Log,96.0,Golem,46.0,X,104.0,Fireball,29.0,,,,8.0,False,False,0.0,0.0
00810,The Log,96.0,Phoenix,75.0,X,104.0,Fireball,29.0,Golem,46.0,2.0,8.0,True,False,0.0,4.0
00825,The Log,96.0,Phoenix,75.0,X,104.0,Fireball,29.0,,,,8.0,False,False,0.0,0.0
00840,The Log,96.0,Phoenix,75.0,X,104.0,Fireball,29.0,,,,8.0,False,False,0.0,0.0
00855,The Log,96.0,Phoenix,75.0,X,104.0,Fireball,29.0,,,,8.0,False,False,0.0,0.0
00870,The Log,96.0,Phoenix,75.0,X,104.0,Fireball,29.0,,,,9.0,False,False,0.0,0.0
00885,The Log,96.0,Phoenix,75.0,X,104.0,Fireball,29.0,,,,9.0,False,False,0.0,0.0
00900,The Log,96.0,Golem,46.0,Royal Delivery,83.0,Fireball,29.0,X,104.0,3.0,3.0,True,True,6.0,5.0
00915,The Log,96.0,Golem,46.0,Royal Delivery,83.0,Fireball,29.0,,,,3.0,False,False,0.0,0.0
00930,The Log,96.0,Golem,46.0,Royal Delivery,83.0,Fireball,29.0,,,,3.0,False,False,0.0,0.0
00945,The Log,96.0,Golem,46.0,Tesla,95.0,Fireball,29.0,Royal Delivery,83.0,3.0,4.0,True,False,0.0,6.0
00960,The Log,96.0,Golem,46.0,Tesla,95.0,Fireball,29.0,,,,4.0,False,False,0.0,0.0
00975,The Log,96.0,Golem,46.0,Tesla,95.0,Fireball,29.0,,,,4.0,False,False,0.0,0.0
00990,The Log,96.0,Golem,46.0,Tesla,95.0,Fireball,29.0,,,,4.0,False,False,0.0,0.0
01005,The Log,96.0,Golem,46.0,Tesla,95.0,Fireball,29.0,,,,4.0,False,False,0.0,0.0
01020,The Log,96.0,Golem,46.0,Tesla,95.0,Fireball,29.0,,,,4.0,False,False,0.0,0.0
01035,The Log,96.0,Golem,46.0,Tesla,95.0,Fireball,29.0,,,,5.0,False,False,0.0,0.0
01050,The Log,96.0,Golem,46.0,Tesla,95.0,Fireball,29.0,,,,5.0,False,False,0.0,0.0
01065,Magic Archer,61.0,Golem,46.0,Ice Spirit,53.0,Fireball,29.0,Tesla,95.0,3.0,1.0,True,True,4.0,2.0
01080,X,104.0,Golem,46.0,Ice Spirit,53.0,Fireball,29.0,Magic Archer,61.0,1.0,1.0,True,False,0.0,4.0
01095,The Log,96.0,Golem,46.0,Ice Spirit,53.0,Fireball,29.0,X,104.0,1.0,1.0,True,False,0.0,5.0
01110,The Log,96.0,Golem,46.0,Ice Spirit,53.0,Fireball,29.0,,,,1.0,False,False,0.0,0.0
01125,The Log,96.0,Golem,46.0,Ice Spirit,53.0,Fireball,29.0,,,,2.0,False,False,0.0,0.0
01140,The Log,96.0,Golem,46.0,Ice Spirit,53.0,Fireball,29.0,,,,2.0,False,False,0.0,0.0
01155,The Log,96.0,Golem,46.0,Ice Spirit,53.0,Fireball,29.0,,,,2.0,False,False,0.0,0.0
01170,The Log,96.0,Golem,46.0,Ice Spirit,53.0,Fireball,29.0,,,,2.0,False,False,0.0,0.0
01185,The Log,96.0,Golem,46.0,Ice Spirit,53.0,Fireball,29.0,,,,2.0,False,False,0.0,0.0
01200,The Log,96.0,Golem,46.0,Skeleton Army,88.0,Fireball,29.0,Ice Spirit,53.0,3.0,2.0,True,False,0.0,2.0
01215,The Log,96.0,Golem,46.0,Skeleton Dragons,90.0,Fireball,29.0,Skeleton Army,88.0,3.0,2.0,True,False,0.0,7.0
01230,The Log,96.0,Golem,46.0,Skeleton Dragons,90.0,Fireball,29.0,,,,2.0,False,False,0.0,0.0
01245,The Log,96.0,Golem,46.0,Skeleton Dragons,90.0,Fireball,29.0,,,,2.0,False,False,0.0,0.0
01260,The Log,96.0,Golem,46.0,Skeleton Dragons,90.0,Fireball,29.0,,,,2.0,False,False,0.0,0.0
01275,The Log,96.0,Golem,46.0,Skeleton Dragons,90.0,Fireball,29.0,,,,2.0,False,False,0.0,0.0
01290,The Log,96.0,Golem,46.0,Skeleton Dragons,90.0,Fireball,29.0,,,,3.0,False,False,0.0,0.0
01305,The Log,96.0,Golem,46.0,Skeleton Dragons,90.0,Fireball,29.0,,,,3.0,False,False,0.0,0.0
01320,The Log,96.0,Golem,46.0,Skeleton Dragons,90.0,Fireball,29.0,,,,3.0,False,False,0.0,0.0
01335,The Log,96.0,Golem,46.0,Skeleton Dragons,90.0,Fireball,29.0,,,,3.0,False,False,0.0,0.0
01350,The Log,96.0,Golem,46.0,Skeleton Dragons,90.0,Fireball,29.0,,,,3.0,False,False,0.0,0.0
01365,The Log,96.0,Golem,46.0,Skeleton Dragons,90.0,Fireball,29.0,,,,4.0,False,False,0.0,0.0
01380,The Log,96.0,Golem,46.0,Skeleton Dragons,90.0,Fireball,29.0,,,,4.0,False,False,0.0,0.0
01395,The Log,96.0,Golem,46.0,Skeleton Dragons,90.0,Fireball,29.0,,,,4.0,False,False,0.0,0.0
01410,The Log,96.0,Golem,46.0,Skeleton Dragons,90.0,Fireball,29.0,,,,4.0,False,False,0.0,0.0
01425,The Log,96.0,Golem,46.0,Skeleton Dragons,90.0,Fireball,29.0,,,,4.0,False,False,0.0,0.0
01440,The Log,96.0,Golem,46.0,Skeleton Dragons,90.0,Fireball,29.0,,,,4.0,False,False,0.0,0.0
01455,The Log,96.0,Golem,46.0,Skeleton Dragons,90.0,Fireball,29.0,,,,5.0,False,False,0.0,0.0
01470,The Log,96.0,Golem,46.0,Skeleton Dragons,90.0,Fireball,29.0,,,,5.0,False,False,0.0,0.0
01485,The Log,96.0,Golem,46.0,Skeleton Dragons,90.0,Fireball,29.0,,,,5.0,False,False,0.0,0.0
01500,The Log,96.0,Golem,46.0,Skeleton Dragons,90.0,Fireball,29.0,,,,5.0,False,False,0.0,0.0
01515,The Log,96.0,Golem,46.0,Skeleton Dragons,90.0,Fireball,29.0,,,,5.0,False,False,0.0,0.0
01530,The Log,96.0,Golem,46.0,Skeleton Dragons,90.0,Fireball,29.0,,,,6.0,False,False,0.0,0.0
01545,The Log,96.0,Golem,46.0,Skeletons,92.0,Fireball,29.0,Skeleton Dragons,90.0,3.0,6.0,True,False,0.0,3.0
01560,The Log,96.0,Golem,46.0,Skeletons,92.0,Fireball,29.0,,,,6.0,False,False,0.0,0.0
01575,The Log,96.0,Golem,46.0,Skeletons,92.0,Fireball,29.0,,,,6.0,False,False,0.0,0.0
01590,The Log,96.0,Golem,46.0,Earthquake,19.0,Fireball,29.0,Skeletons,92.0,3.0,5.0,True,True,1.0,4.0
01605,The Log,96.0,Golem,46.0,Knight,57.0,Fireball,29.0,Earthquake,19.0,3.0,5.0,True,False,0.0,3.0
01620,The Log,96.0,Golem,46.0,Knight,57.0,Fireball,29.0,,,,6.0,False,False,0.0,0.0
01635,The Log,96.0,Arrows,1.0,Knight,57.0,Fireball,29.0,Golem,46.0,2.0,6.0,True,False,0.0,4.0
01650,The Log,96.0,Graveyard,47.0,Golden Knight,45.0,Fireball,29.0,Knight,57.0,3.0,6.0,True,False,0.0,5.0
01665,The Log,96.0,Graveyard,47.0,Knight,57.0,Fireball,29.0,Golden Knight,45.0,3.0,6.0,True,False,0.0,2.0
01680,The Log,96.0,Graveyard,47.0,Knight,57.0,Fireball,29.0,,,,6.0,False,False,0.0,0.0
01695,The Log,96.0,Graveyard,47.0,Golden Knight,45.0,Fireball,29.0,Knight,57.0,3.0,6.0,True,False,0.0,5.0
01710,The Log,96.0,Graveyard,47.0,Golden Knight,45.0,Fireball,29.0,,,,7.0,False,False,0.0,0.0
01725,The Log,96.0,Graveyard,47.0,Golden Knight,45.0,Fireball,29.0,,,,7.0,False,False,0.0,0.0
01740,The Log,96.0,Graveyard,47.0,Golden Knight,45.0,Fireball,29.0,,,,7.0,False,False,0.0,0.0
01755,The Log,96.0,Graveyard,47.0,Golden Knight,45.0,Fireball,29.0,,,,7.0,False,False,0.0,0.0
01770,The Log,96.0,Arrows,1.0,Golden Knight,45.0,Fireball,29.0,Graveyard,47.0,2.0,7.0,True,False,0.0,8.0
01785,The Log,96.0,Arrows,1.0,Knight,57.0,Fireball,29.0,Golden Knight,45.0,3.0,8.0,True,False,0.0,2.0
01800,The Log,96.0,Arrows,1.0,Golden Knight,45.0,Fireball,29.0,Knight,57.0,3.0,8.0,True,False,0.0,5.0
01815,The Log,96.0,Arrows,1.0,Golden Knight,45.0,Fireball,29.0,,,,8.0,False,False,0.0,0.0
01830,The Log,96.0,Arrows,1.0,Golden Knight,45.0,Fireball,29.0,,,,8.0,False,False,0.0,0.0
01845,The Log,96.0,Arrows,1.0,Golden Knight,45.0,Fireball,29.0,,,,8.0,False,False,0.0,0.0
01860,The Log,96.0,Arrows,1.0,Golden Knight,45.0,Fireball,29.0,,,,8.0,False,False,0.0,0.0
01875,The Log,96.0,Golem,46.0,Monk,69.0,Fireball,29.0,Golden Knight,45.0,3.0,9.0,True,False,0.0,2.0
01890,The Log,96.0,Golem,46.0,Monk,69.0,Fireball,29.0,,,,9.0,False,False,0.0,0.0
01905,The Log,96.0,Golem,46.0,Knight,57.0,Fireball,29.0,Monk,69.0,3.0,9.0,True,False,0.0,0.0
01920,The Log,96.0,Sparky,93.0,Golden Knight,45.0,Fireball,29.0,Knight,57.0,3.0,9.0,True,False,0.0,5.0
01935,The Log,96.0,Arrows,1.0,Elite Barbarians,24.0,Fireball,29.0,Golden Knight,45.0,3.0,6.0,True,True,3.0,2.0
01950,The Log,96.0,Arrows,1.0,X,104.0,Fireball,29.0,Elite Barbarians,24.0,3.0,6.0,True,False,0.0,4.0
01965,The Log,96.0,Golem,46.0,X,104.0,Fireball,29.0,Arrows,1.0,2.0,7.0,True,False,0.0,5.0
01980,The Log,96.0,Golem,46.0,X,104.0,Fireball,29.0,,,,7.0,False,False,0.0,0.0
01995,The Log,96.0,Golem,46.0,X,104.0,Fireball,29.0,,,,7.0,False,False,0.0,0.0
02010,The Log,96.0,Golem,46.0,X,104.0,Fireball,29.0,,,,7.0,False,False,0.0,0.0
02025,The Log,96.0,Golem,46.0,X,104.0,Fireball,29.0,,,,7.0,False,False,0.0,0.0
02040,The Log,96.0,Golem,46.0,Arrows,1.0,Fireball,29.0,X,104.0,3.0,2.0,True,True,5.0,5.0
02055,The Log,96.0,Golem,46.0,Arrows,1.0,Fireball,29.0,,,,2.0,False,False,0.0,0.0
02070,The Log,96.0,Golem,46.0,Arrows,1.0,Fireball,29.0,,,,2.0,False,False,0.0,0.0
02085,The Log,96.0,Golem,46.0,Arrows,1.0,Fireball,29.0,,,,2.0,False,False,0.0,0.0
02100,The Log,96.0,Golem,46.0,Arrows,1.0,Fireball,29.0,,,,2.0,False,False,0.0,0.0
02115,The Log,96.0,Golem,46.0,Arrows,1.0,Fireball,29.0,,,,2.0,False,False,0.0,0.0
02130,The Log,96.0,Arrows,1.0,Arrows,1.0,Fireball,29.0,Golem,46.0,2.0,3.0,True,False,0.0,4.0
02145,The Log,96.0,Arrows,1.0,Arrows,1.0,Fireball,29.0,,,,3.0,False,False,0.0,0.0
02160,The Log,96.0,Arrows,1.0,Arrows,1.0,Fireball,29.0,,,,3.0,False,False,0.0,0.0
02175,The Log,96.0,Arrows,1.0,Arrows,1.0,Fireball,29.0,,,,3.0,False,False,0.0,0.0
02190,The Log,96.0,Arrows,1.0,Arrows,1.0,Fireball,29.0,,,,3.0,False,False,0.0,0.0
02205,The Log,96.0,Arrows,1.0,Tesla,95.0,Fireball,29.0,Arrows,1.0,3.0,4.0,True,False,0.0,5.0
02220,The Log,96.0,Arrows,1.0,Tesla,95.0,Fireball,29.0,,,,4.0,False,False,0.0,0.0
02235,The Log,96.0,Arrows,1.0,Tesla,95.0,Fireball,29.0,,,,4.0,False,False,0.0,0.0
02250,The Log,96.0,Arrows,1.0,Tesla,95.0,Fireball,29.0,,,,4.0,False,False,0.0,0.0
02265,The Log,96.0,Arrows,1.0,Tesla,95.0,Fireball,29.0,,,,4.0,False,False,0.0,0.0
02280,The Log,96.0,Arrows,1.0,Tesla,95.0,Fireball,29.0,,,,4.0,False,False,0.0,0.0
02295,The Log,96.0,Arrows,1.0,Tesla,95.0,Fireball,29.0,,,,5.0,False,False,0.0,0.0
02310,The Log,96.0,Arrows,1.0,Tesla,95.0,Fireball,29.0,,,,5.0,False,False,0.0,0.0
02325,The Log,96.0,Arrows,1.0,Tesla,95.0,Fireball,29.0,,,,5.0,False,False,0.0,0.0
02340,The Log,96.0,Arrows,1.0,Tesla,95.0,Fireball,29.0,,,,5.0,False,False,0.0,0.0
02355,The Log,96.0,Arrows,1.0,Tesla,95.0,Fireball,29.0,,,,5.0,False,False,0.0,0.0
02370,The Log,96.0,Arrows,1.0,Tesla,95.0,Fireball,29.0,,,,5.0,False,False,0.0,0.0
02385,The Log,96.0,Arrows,1.0,Tesla,95.0,Fireball,29.0,,,,6.0,False,False,0.0,0.0
02400,The Log,96.0,Arrows,1.0,Tesla,95.0,Fireball,29.0,,,,6.0,False,False,0.0,0.0
02415,The Log,96.0,Arrows,1.0,Tesla,95.0,Fireball,29.0,,,,6.0,False,False,0.0,0.0
02430,The Log,96.0,Arrows,1.0,Tesla,95.0,Fireball,29.0,,,,6.0,False,False,0.0,0.0
02445,The Log,96.0,Arrows,1.0,Tesla,95.0,Fireball,29.0,,,,6.0,False,False,0.0,0.0
02460,The Log,96.0,Arrows,1.0,Tesla,95.0,Fireball,29.0,,,,7.0,False,False,0.0,0.0
02475,The Log,96.0,Arrows,1.0,Tesla,95.0,Fireball,29.0,,,,7.0,False,False,0.0,0.0
02490,The Log,96.0,Arrows,1.0,Tesla,95.0,Fireball,29.0,,,,7.0,False,False,0.0,0.0
02505,The Log,96.0,Golem,46.0,Tesla,95.0,Fireball,29.0,Arrows,1.0,2.0,7.0,True,False,0.0,5.0
02520,The Log,96.0,Golem,46.0,Tesla,95.0,Fireball,29.0,,,,7.0,False,False,0.0,0.0
02535,The Log,96.0,Golem,46.0,Tesla,95.0,Fireball,29.0,,,,7.0,False,False,0.0,0.0
02550,Ice Spirit,53.0,Phoenix,75.0,Tesla,95.0,Fireball,29.0,Golem,46.0,2.0,6.0,True,True,1.0,4.0
02565,Ice Spirit,53.0,Golem,46.0,Tesla,95.0,Fireball,29.0,Phoenix,75.0,2.0,6.0,True,False,0.0,7.0
02580,Ice Spirit,53.0,Golem,46.0,Tesla,95.0,Fireball,29.0,,,,6.0,False,False,0.0,0.0
02595,Ice Spirit,53.0,Golem,46.0,Tesla,95.0,Fireball,29.0,,,,6.0,False,False,0.0,0.0
02610,Ice Spirit,53.0,Golem,46.0,Tesla,95.0,Fireball,29.0,,,,6.0,False,False,0.0,0.0
02625,Ice Spirit,53.0,Golem,46.0,Tesla,95.0,Fireball,29.0,,,,7.0,False,False,0.0,0.0
02640,Ice Spirit,53.0,Golem,46.0,Tesla,95.0,Fireball,29.0,,,,7.0,False,False,0.0,0.0
02655,Ice Spirit,53.0,Golem,46.0,Tesla,95.0,Fireball,29.0,,,,7.0,False,False,0.0,0.0
02670,Ice Spirit,53.0,Golem,46.0,Tesla,95.0,Fireball,29.0,,,,7.0,False,False,0.0,0.0
02685,Ice Spirit,53.0,Arrows,1.0,Tesla,95.0,Fireball,29.0,Golem,46.0,2.0,7.0,True,False,0.0,4.0
02700,Ice Spirit,53.0,Arrows,1.0,Tesla,95.0,Fireball,29.0,,,,7.0,False,False,0.0,0.0
02715,Ice Spirit,53.0,Golem,46.0,Tesla,95.0,Fireball,29.0,Arrows,1.0,2.0,8.0,True,False,0.0,5.0
02730,Ice Spirit,53.0,Golem,46.0,Tesla,95.0,Fireball,29.0,,,,8.0,False,False,0.0,0.0
02745,Ice Spirit,53.0,Phoenix,75.0,Tesla,95.0,Fireball,29.0,Golem,46.0,2.0,8.0,True,False,0.0,4.0
02760,Ice Spirit,53.0,Golem,46.0,Sparky,93.0,Fireball,29.0,Tesla,95.0,3.0,4.0,True,True,4.0,2.0
02775,Ice Spirit,53.0,Phoenix,75.0,Skeleton Dragons,90.0,Fireball,29.0,Sparky,93.0,3.0,4.0,True,False,0.0,1.0
02790,Ice Spirit,53.0,Phoenix,75.0,Skeleton Dragons,90.0,Fireball,29.0,,,,4.0,False,False,0.0,0.0
02805,Ice Spirit,53.0,Phoenix,75.0,Skeleton Dragons,90.0,Fireball,29.0,,,,5.0,False,False,0.0,0.0
02820,Ice Spirit,53.0,Phoenix,75.0,Skeleton Dragons,90.0,Fireball,29.0,,,,5.0,False,False,0.0,0.0
02835,Ice Spirit,53.0,Phoenix,75.0,Skeleton Dragons,90.0,Fireball,29.0,,,,5.0,False,False,0.0,0.0
02850,Ice Spirit,53.0,Phoenix,75.0,Skeleton Dragons,90.0,Fireball,29.0,,,,5.0,False,False,0.0,0.0
02865,Ice Spirit,53.0,Phoenix,75.0,Skeleton Dragons,90.0,Fireball,29.0,,,,5.0,False,False,0.0,0.0
02880,Ice Spirit,53.0,Golem,46.0,Skeleton Dragons,90.0,Fireball,29.0,Phoenix,75.0,2.0,6.0,True,False,0.0,7.0
02895,Ice Spirit,53.0,Golem,46.0,Skeleton Dragons,90.0,Fireball,29.0,,,,6.0,False,False,0.0,0.0
02910,Ice Spirit,53.0,Golem,46.0,Skeleton Dragons,90.0,Fireball,29.0,,,,6.0,False,False,0.0,0.0
02925,Ice Spirit,53.0,Golem,46.0,Skeleton Dragons,90.0,Fireball,29.0,,,,6.0,False,False,0.0,0.0
02940,Ice Spirit,53.0,Golem,46.0,Skeleton Dragons,90.0,Fireball,29.0,,,,6.0,False,False,0.0,0.0
02955,Ice Spirit,53.0,Golem,46.0,Skeleton Dragons,90.0,Fireball,29.0,,,,6.0,False,False,0.0,0.0
02970,Royal Recruits,87.0,Golem,46.0,Skeleton Dragons,90.0,Fireball,29.0,Ice Spirit,53.0,1.0,6.0,True,False,0.0,2.0
02985,Knight,57.0,Golem,46.0,Barbarian Barrel,5.0,Fireball,29.0,Skeleton Dragons,90.0,3.0,6.0,True,False,0.0,3.0
03000,Knight,57.0,Golem,46.0,Skeletons,92.0,Fireball,29.0,Barbarian Barrel,5.0,3.0,6.0,True,False,0.0,3.0
03015,Knight,57.0,Golem,46.0,Skeletons,92.0,Fireball,29.0,,,,6.0,False,False,0.0,0.0
03030,Knight,57.0,Golem,46.0,Skeletons,92.0,Fireball,29.0,,,,5.0,False,True,1.0,0.0
03045,Knight,57.0,Golem,46.0,X,104.0,Fireball,29.0,Skeletons,92.0,3.0,6.0,True,False,0.0,4.0
03060,Knight,57.0,Golem,46.0,X,104.0,Fireball,29.0,,,,6.0,False,False,0.0,0.0
03075,Knight,57.0,Golem,46.0,X,104.0,Fireball,29.0,,,,6.0,False,False,0.0,0.0
03090,Knight,57.0,Golem,46.0,X,104.0,Fireball,29.0,,,,6.0,False,False,0.0,0.0
03105,Knight,57.0,Golem,46.0,X,104.0,Fireball,29.0,,,,6.0,False,False,0.0,0.0
03120,Knight,57.0,Golem,46.0,X,104.0,Fireball,29.0,,,,6.0,False,False,0.0,0.0
03135,Knight,57.0,Arrows,1.0,X,104.0,Fireball,29.0,Golem,46.0,2.0,7.0,True,False,0.0,4.0
03150,Knight,57.0,Arrows,1.0,X,104.0,Fireball,29.0,,,,7.0,False,False,0.0,0.0
03165,Knight,57.0,Arrows,1.0,X,104.0,Fireball,29.0,,,,7.0,False,False,0.0,0.0
03180,Knight,57.0,Arrows,1.0,X,104.0,Fireball,29.0,,,,7.0,False,False,0.0,0.0
03195,Knight,57.0,Arrows,1.0,X,104.0,Fireball,29.0,,,,7.0,False,False,0.0,0.0
03210,Knight,57.0,Arrows,1.0,X,104.0,Fireball,29.0,,,,8.0,False,False,0.0,0.0
03225,Knight,57.0,Arrows,1.0,X,104.0,Fireball,29.0,,,,8.0,False,False,0.0,0.0
03240,Knight,57.0,Arrows,1.0,X,104.0,Fireball,29.0,,,,8.0,False,False,0.0,0.0
03255,Knight,57.0,Arrows,1.0,X,104.0,Fireball,29.0,,,,8.0,False,False,0.0,0.0
03270,Knight,57.0,Arrows,1.0,X,104.0,Fireball,29.0,,,,8.0,False,False,0.0,0.0
03285,Knight,57.0,Arrows,1.0,X,104.0,Fireball,29.0,,,,8.0,False,False,0.0,0.0
03300,Knight,57.0,Arrows,1.0,X,104.0,Fireball,29.0,,,,9.0,False,False,0.0,0.0
03315,Knight,57.0,Arrows,1.0,X,104.0,Fireball,29.0,,,,9.0,False,False,0.0,0.0
03330,Knight,57.0,Arrows,1.0,X,104.0,Fireball,29.0,,,,9.0,False,False,0.0,0.0
03345,Knight,57.0,Arrows,1.0,X,104.0,Fireball,29.0,,,,9.0,False,False,0.0,0.0
03360,Knight,57.0,Arrows,1.0,X,104.0,Fireball,29.0,,,,9.0,False,False,0.0,0.0
03375,Knight,57.0,The Log,96.0,X,104.0,Fireball,29.0,Arrows,1.0,2.0,6.0,True,True,3.0,5.0
03390,Knight,57.0,The Log,96.0,X,104.0,Fireball,29.0,,,,7.0,False,False,0.0,0.0
03405,Knight,57.0,The Log,96.0,X,104.0,Fireball,29.0,,,,7.0,False,False,0.0,0.0
03420,Knight,57.0,The Log,96.0,X,104.0,Fireball,29.0,,,,7.0,False,False,0.0,0.0
03435,Knight,57.0,The Log,96.0,X,104.0,Fireball,29.0,,,,7.0,False,False,0.0,0.0
03450,Knight,57.0,The Log,96.0,X,104.0,Fireball,29.0,,,,7.0,False,False,0.0,0.0
03465,Knight,57.0,The Log,96.0,X,104.0,Fireball,29.0,,,,8.0,False,False,0.0,0.0
03480,Knight,57.0,The Log,96.0,X,104.0,Fireball,29.0,,,,8.0,False,False,0.0,0.0
03495,Knight,57.0,The Log,96.0,X,104.0,Fireball,29.0,,,,8.0,False,False,0.0,0.0
03510,Knight,57.0,The Log,96.0,X,104.0,Fireball,29.0,,,,8.0,False,False,0.0,0.0
03525,Knight,57.0,The Log,96.0,X,104.0,Fireball,29.0,,,,8.0,False,False,0.0,0.0
03540,Golem,46.0,The Log,96.0,X,104.0,Fireball,29.0,Knight,57.0,1.0,5.0,True,True,3.0,5.0
03555,Tesla,95.0,The Log,96.0,X,104.0,Fireball,29.0,Golem,46.0,1.0,6.0,True,False,0.0,4.0
03570,Tesla,95.0,The Log,96.0,X,104.0,Fireball,29.0,,,,6.0,False,False,0.0,0.0
03585,Tesla,95.0,The Log,96.0,X,104.0,Fireball,29.0,,,,6.0,False,False,0.0,0.0
03600,Tesla,95.0,The Log,96.0,X,104.0,Fireball,29.0,,,,6.0,False,False,0.0,0.0
03615,Tesla,95.0,The Log,96.0,X,104.0,Fireball,29.0,,,,6.0,False,False,0.0,0.0
03630,Tesla,95.0,The Log,96.0,X,104.0,Fireball,29.0,,,,6.0,False,False,0.0,0.0
03645,Tesla,95.0,The Log,96.0,X,104.0,Fireball,29.0,,,,7.0,False,False,0.0,0.0
03660,Tesla,95.0,The Log,96.0,X,104.0,Fireball,29.0,,,,7.0,False,False,0.0,0.0
03675,Tesla,95.0,The Log,96.0,X,104.0,Fireball,29.0,,,,7.0,False,False,0.0,0.0
03690,Tesla,95.0,The Log,96.0,X,104.0,Fireball,29.0,,,,7.0,False,False,0.0,0.0
03705,Ice Spirit,53.0,The Log,96.0,Bandit,4.0,Fireball,29.0,X,104.0,3.0,3.0,True,True,4.0,5.0
03720,Ice Spirit,53.0,The Log,96.0,X,104.0,Fireball,29.0,Bandit,4.0,3.0,4.0,True,False,0.0,5.0
03735,Ice Spirit,53.0,The Log,96.0,X,104.0,Fireball,29.0,,,,4.0,False,False,0.0,0.0
03750,Ice Spirit,53.0,The Log,96.0,X,104.0,Fireball,29.0,,,,4.0,False,False,0.0,0.0
03765,Ice Spirit,53.0,The Log,96.0,X,104.0,Fireball,29.0,,,,4.0,False,False,0.0,0.0
03780,Ice Spirit,53.0,The Log,96.0,X,104.0,Fireball,29.0,,,,4.0,False,False,0.0,0.0
03795,Ice Spirit,53.0,The Log,96.0,X,104.0,Fireball,29.0,,,,5.0,False,False,0.0,0.0
03810,Ice Spirit,53.0,The Log,96.0,X,104.0,Fireball,29.0,,,,6.0,False,False,0.0,0.0
03825,Ice Spirit,53.0,The Log,96.0,X,104.0,Fireball,29.0,,,,6.0,False,False,0.0,0.0
03840,Ice Spirit,53.0,The Log,96.0,X,104.0,Fireball,29.0,,,,6.0,False,False,0.0,0.0
03855,Ice Spirit,53.0,The Log,96.0,X,104.0,Fireball,29.0,,,,7.0,False,False,0.0,0.0
03870,Ice Spirit,53.0,The Log,96.0,X,104.0,Fireball,29.0,,,,7.0,False,False,0.0,0.0
03885,Ice Spirit,53.0,The Log,96.0,X,104.0,Fireball,29.0,,,,8.0,False,False,0.0,0.0
03900,Ice Spirit,53.0,The Log,96.0,X,104.0,Fireball,29.0,,,,8.0,False,False,0.0,0.0
03915,Ice Spirit,53.0,The Log,96.0,X,104.0,Fireball,29.0,,,,8.0,False,False,0.0,0.0
03930,Ice Spirit,53.0,The Log,96.0,X,104.0,Fireball,29.0,,,,9.0,False,False,0.0,0.0
03945,Sparky,93.0,The Log,96.0,X,104.0,Fireball,29.0,Ice Spirit,53.0,1.0,8.0,True,True,1.0,2.0
03960,Skeleton Dragons,90.0,The Log,96.0,X,104.0,Fireball,29.0,Sparky,93.0,1.0,8.0,True,False,0.0,1.0
03975,Skeleton Dragons,90.0,The Log,96.0,X,104.0,Fireball,29.0,,,,9.0,False,False,0.0,0.0
03990,Skeleton Dragons,90.0,The Log,96.0,X,104.0,Fireball,29.0,,,,9.0,False,False,0.0,0.0
04005,Skeleton Dragons,90.0,The Log,96.0,X,104.0,Fireball,29.0,,,,9.0,False,False,0.0,0.0
04020,Skeleton Dragons,90.0,The Log,96.0,X,104.0,Fireball,29.0,,,,10.0,False,False,0.0,0.0
04035,Skeleton Dragons,90.0,The Log,96.0,Phoenix,75.0,Fireball,29.0,X,104.0,3.0,4.0,True,True,6.0,5.0
04050,Barbarian Barrel,5.0,The Log,96.0,Phoenix,75.0,Fireball,29.0,Skeleton Dragons,90.0,1.0,4.0,True,False,0.0,3.0
04065,Barbarian Barrel,5.0,The Log,96.0,Golem,46.0,Fireball,29.0,Phoenix,75.0,3.0,5.0,True,False,0.0,7.0
04080,Barbarian Barrel,5.0,The Log,96.0,Golem,46.0,Fireball,29.0,,,,5.0,False,False,0.0,0.0
04095,Golden Knight,45.0,The Log,96.0,Phoenix,75.0,Fireball,29.0,Golem,46.0,3.0,4.0,True,True,1.0,4.0
04110,Golden Knight,45.0,The Log,96.0,Phoenix,75.0,Fireball,29.0,,,,5.0,False,False,0.0,0.0
04125,Knight,57.0,The Log,96.0,Phoenix,75.0,Fireball,29.0,Golden Knight,45.0,1.0,5.0,True,False,0.0,2.0
04140,Knight,57.0,The Log,96.0,Phoenix,75.0,Fireball,29.0,,,,5.0,False,False,0.0,0.0
04155,Knight,57.0,The Log,96.0,Phoenix,75.0,Fireball,29.0,,,,6.0,False,False,0.0,0.0
04170,Guards,48.0,The Log,96.0,Golem,46.0,Fireball,29.0,Phoenix,75.0,3.0,3.0,True,True,3.0,7.0
04185,Guards,48.0,The Log,96.0,Golem,46.0,Fireball,29.0,,,,3.0,False,False,0.0,0.0
04200,Tesla,95.0,The Log,96.0,Golem,46.0,Fireball,29.0,Guards,48.0,1.0,4.0,True,False,0.0,5.0
04215,Tesla,95.0,The Log,96.0,Golem,46.0,Fireball,29.0,,,,4.0,False,False,0.0,0.0
04230,Tesla,95.0,The Log,96.0,Golem,46.0,Fireball,29.0,,,,4.0,False,False,0.0,0.0
04245,Tesla,95.0,The Log,96.0,Golem,46.0,Fireball,29.0,,,,5.0,False,False,0.0,0.0
04260,Tesla,95.0,The Log,96.0,Golem,46.0,Fireball,29.0,,,,5.0,False,False,0.0,0.0
04275,Tesla,95.0,The Log,96.0,Arrows,1.0,Fireball,29.0,Golem,46.0,3.0,6.0,True,False,0.0,4.0
04290,Tesla,95.0,The Log,96.0,Arrows,1.0,Fireball,29.0,,,,6.0,False,False,0.0,0.0
04305,Tesla,95.0,The Log,96.0,Golem,46.0,Fireball,29.0,Arrows,1.0,3.0,6.0,True,False,0.0,5.0
04320,Tesla,95.0,The Log,96.0,Golem,46.0,Fireball,29.0,,,,7.0,False,False,0.0,0.0
04335,Tesla,95.0,The Log,96.0,Sparky,93.0,Fireball,29.0,Golem,46.0,3.0,7.0,True,False,0.0,4.0
04350,Tesla,95.0,The Log,96.0,Sparky,93.0,Fireball,29.0,,,,7.0,False,False,0.0,0.0
04365,Tesla,95.0,The Log,96.0,Sparky,93.0,Fireball,29.0,,,,8.0,False,False,0.0,0.0
04380,Tesla,95.0,The Log,96.0,Fire Spirit,28.0,Fireball,29.0,Sparky,93.0,3.0,5.0,True,True,3.0,1.0
04395,Tesla,95.0,The Log,96.0,Ice Spirit,53.0,Fireball,29.0,Fire Spirit,28.0,3.0,5.0,True,False,0.0,5.0
04410,Tesla,95.0,The Log,96.0,Ice Spirit,53.0,Fireball,29.0,,,,6.0,False,False,0.0,0.0
04425,Tesla,95.0,The Log,96.0,Ice Spirit,53.0,Fireball,29.0,,,,6.0,False,False,0.0,0.0
04440,Tesla,95.0,The Log,96.0,Royal Delivery,83.0,Fireball,29.0,Ice Spirit,53.0,3.0,5.0,True,True,1.0,2.0
04455,Tesla,95.0,The Log,96.0,X,104.0,Fireball,29.0,Royal Delivery,83.0,3.0,6.0,True,False,0.0,6.0
04470,Tesla,95.0,The Log,96.0,X,104.0,Fireball,29.0,,,,6.0,False,False,0.0,0.0
04485,Tesla,95.0,The Log,96.0,X,104.0,Fireball,29.0,,,,7.0,False,False,0.0,0.0
04500,Tesla,95.0,The Log,96.0,X,104.0,Fireball,29.0,,,,7.0,False,False,0.0,0.0
04515,Tesla,95.0,The Log,96.0,Skeleton Dragons,90.0,Fireball,29.0,X,104.0,3.0,1.0,True,True,6.0,5.0
04530,Tesla,95.0,The Log,96.0,Skeleton Dragons,90.0,Fireball,29.0,,,,2.0,False,False,0.0,0.0
04545,Tesla,95.0,The Log,96.0,Skeleton Dragons,90.0,Fireball,29.0,,,,2.0,False,False,0.0,0.0
04560,Tesla,95.0,The Log,96.0,Skeleton Dragons,90.0,Fireball,29.0,,,,2.0,False,False,0.0,0.0
04575,Tesla,95.0,The Log,96.0,Skeleton Dragons,90.0,Fireball,29.0,,,,3.0,False,False,0.0,0.0
04590,Tesla,95.0,The Log,96.0,Skeleton Dragons,90.0,Fireball,29.0,,,,3.0,False,False,0.0,0.0
04605,Tesla,95.0,The Log,96.0,Skeleton Dragons,90.0,Fireball,29.0,,,,3.0,False,False,0.0,0.0
04620,Tesla,95.0,The Log,96.0,Skeleton Dragons,90.0,Fireball,29.0,,,,4.0,False,False,0.0,0.0
04635,Tesla,95.0,The Log,96.0,Skeleton Dragons,90.0,Fireball,29.0,,,,4.0,False,False,0.0,0.0
04650,Tesla,95.0,The Log,96.0,Skeleton Dragons,90.0,Fireball,29.0,,,,4.0,False,False,0.0,0.0
04665,Tesla,95.0,The Log,96.0,Skeleton Dragons,90.0,Fireball,29.0,,,,5.0,False,False,0.0,0.0
04680,Tesla,95.0,The Log,96.0,Skeleton Dragons,90.0,Fireball,29.0,,,,5.0,False,False,0.0,0.0
04695,Tesla,95.0,The Log,96.0,Skeleton Dragons,90.0,Fireball,29.0,,,,6.0,False,False,0.0,0.0
04710,Tesla,95.0,The Log,96.0,Skeletons,92.0,Fireball,29.0,Skeleton Dragons,90.0,3.0,2.0,True,True,4.0,3.0
04725,Tesla,95.0,The Log,96.0,Skeletons,92.0,Fireball,29.0,,,,2.0,False,False,0.0,0.0
04740,Knight,57.0,The Log,96.0,Skeleton Dragons,90.0,Fireball,29.0,Skeletons,92.0,3.0,3.0,True,False,0.0,4.0
04755,Knight,57.0,The Log,96.0,Skeleton Dragons,90.0,Fireball,29.0,,,,4.0,False,False,0.0,0.0
04770,Knight,57.0,The Log,96.0,Skeleton Dragons,90.0,Fireball,29.0,,,,4.0,False,False,0.0,0.0
04785,Knight,57.0,Monk,69.0,Skeleton Dragons,90.0,Fireball,29.0,The Log,96.0,2.0,4.0,True,False,0.0,4.0
04800,Knight,57.0,Ice Spirit,53.0,Skeleton Dragons,90.0,Fireball,29.0,Monk,69.0,2.0,1.0,True,True,3.0,0.0
04815,Knight,57.0,Ice Spirit,53.0,Skeleton Dragons,90.0,Fireball,29.0,,,,1.0,False,False,0.0,0.0
04830,Knight,57.0,Ice Spirit,53.0,Skeleton Dragons,90.0,Fireball,29.0,,,,2.0,False,False,0.0,0.0
04845,Knight,57.0,Ice Spirit,53.0,Skeleton Dragons,90.0,Fireball,29.0,,,,2.0,False,False,0.0,0.0
04905,Golden Knight,45.0,Ice Spirit,53.0,Golem,46.0,Fireball,29.0,Skeleton Dragons,90.0,3.0,3.0,True,False,0.0,3.0
04920,Golden Knight,45.0,Ice Spirit,53.0,Golem,46.0,Fireball,29.0,,,,3.0,False,False,0.0,0.0
04935,Golden Knight,45.0,Ice Spirit,53.0,Golem,46.0,Fireball,29.0,,,,3.0,False,False,0.0,0.0
04950,Golden Knight,45.0,Ice Spirit,53.0,Golem,46.0,Fireball,29.0,,,,4.0,False,False,0.0,0.0
04965,Knight,57.0,Ice Spirit,53.0,Golem,46.0,Fireball,29.0,Golden Knight,45.0,1.0,4.0,True,False,0.0,2.0
04980,Knight,57.0,Ice Spirit,53.0,Golem,46.0,Fireball,29.0,,,,4.0,False,False,0.0,0.0
04995,Knight,57.0,Ice Spirit,53.0,Golem,46.0,Fireball,29.0,,,,5.0,False,False,0.0,0.0
05010,Knight,57.0,Ice Spirit,53.0,Golem,46.0,Fireball,29.0,,,,5.0,False,False,0.0,0.0
05025,Knight,57.0,Ice Spirit,53.0,Golem,46.0,Fireball,29.0,,,,5.0,False,False,0.0,0.0
05040,Knight,57.0,Ice Spirit,53.0,Golem,46.0,Fireball,29.0,,,,6.0,False,False,0.0,0.0
05055,Knight,57.0,Ice Spirit,53.0,Golem,46.0,Fireball,29.0,,,,6.0,False,False,0.0,0.0
05070,Knight,57.0,Ice Spirit,53.0,Golem,46.0,Fireball,29.0,,,,7.0,False,False,0.0,0.0
05085,Knight,57.0,Ice Spirit,53.0,Golem,46.0,Fireball,29.0,,,,7.0,False,False,0.0,0.0
05100,Knight,57.0,X,104.0,Golem,46.0,Fireball,29.0,Ice Spirit,53.0,2.0,7.0,True,False,0.0,2.0
05160,Knight,57.0,X,104.0,Golem,46.0,Fireball,29.0,,,,3.0,False,True,4.0,0.0
05175,Knight,57.0,X,104.0,Golem,46.0,Fireball,29.0,,,,3.0,False,False,0.0,0.0
05190,Barbarian Barrel,5.0,X,104.0,Golem,46.0,Fireball,29.0,Knight,57.0,1.0,0.0,True,True,3.0,5.0
05205,Skeleton Dragons,90.0,X,104.0,Golem,46.0,Fireball,29.0,Barbarian Barrel,5.0,1.0,1.0,True,False,0.0,3.0
05220,Skeleton Dragons,90.0,X,104.0,Golem,46.0,Fireball,29.0,,,,1.0,False,False,0.0,0.0
05235,Skeleton Dragons,90.0,X,104.0,Golem,46.0,Fireball,29.0,,,,1.0,False,False,0.0,0.0
05250,Skeleton Dragons,90.0,X,104.0,Golem,46.0,Fireball,29.0,,,,2.0,False,False,0.0,0.0
05265,Skeleton Dragons,90.0,X,104.0,Golem,46.0,Fireball,29.0,,,,2.0,False,False,0.0,0.0
05280,Skeleton Dragons,90.0,X,104.0,Golem,46.0,Fireball,29.0,,,,2.0,False,False,0.0,0.0
05295,Skeleton Dragons,90.0,X,104.0,Hog Rider,50.0,Fireball,29.0,Golem,46.0,3.0,3.0,True,False,0.0,4.0
05310,Skeletons,92.0,X,104.0,Golem,46.0,Fireball,29.0,Hog Rider,50.0,3.0,3.0,True,False,0.0,1.0
05325,Skeletons,92.0,X,104.0,Golem,46.0,Fireball,29.0,,,,3.0,False,False,0.0,0.0
05340,Skeletons,92.0,X,104.0,Golem,46.0,Fireball,29.0,,,,1.0,False,True,2.0,0.0
05355,Skeletons,92.0,X,104.0,Golem,46.0,Fireball,29.0,,,,1.0,False,False,0.0,0.0
05370,Skeleton Dragons,90.0,X,104.0,The Log,96.0,Fireball,29.0,Golem,46.0,3.0,2.0,True,False,0.0,4.0
05385,Skeleton Dragons,90.0,X,104.0,The Log,96.0,Fireball,29.0,,,,2.0,False,False,0.0,0.0
05400,Skeleton Dragons,90.0,X,104.0,The Log,96.0,Fireball,29.0,,,,2.0,False,False,0.0,0.0
05415,Skeleton Dragons,90.0,X,104.0,The Log,96.0,Fireball,29.0,,,,3.0,False,False,0.0,0.0
05430,Skeletons,92.0,X,104.0,The Log,96.0,Fireball,29.0,Skeleton Dragons,90.0,1.0,3.0,True,False,0.0,3.0
05445,Skeletons,92.0,X,104.0,Ice Spirit,53.0,Fireball,29.0,The Log,96.0,3.0,1.0,True,True,2.0,4.0
05460,Skeletons,92.0,X,104.0,Ice Spirit,53.0,Fireball,29.0,,,,2.0,False,False,0.0,0.0
05475,Skeletons,92.0,X,104.0,Ice Spirit,53.0,Fireball,29.0,,,,2.0,False,False,0.0,0.0
05490,Skeletons,92.0,X,104.0,Ice Spirit,53.0,Fireball,29.0,,,,1.0,False,True,1.0,0.0
05505,Skeletons,92.0,X,104.0,Ice Spirit,53.0,Fireball,29.0,,,,2.0,False,False,0.0,0.0
05520,Skeletons,92.0,X,104.0,Ice Spirit,53.0,Fireball,29.0,,,,2.0,False,False,0.0,0.0
05535,Skeletons,92.0,X,104.0,Ice Spirit,53.0,Fireball,29.0,,,,3.0,False,False,0.0,0.0
05550,Skeletons,92.0,X,104.0,Ice Spirit,53.0,Fireball,29.0,,,,3.0,False,False,0.0,0.0
05565,Skeletons,92.0,X,104.0,Ice Spirit,53.0,Fireball,29.0,,,,3.0,False,False,0.0,0.0
05580,Skeletons,92.0,Tesla,95.0,Ice Spirit,53.0,Fireball,29.0,X,104.0,2.0,4.0,True,False,0.0,5.0
05595,Skeletons,92.0,Tesla,95.0,Knight,57.0,Fireball,29.0,Ice Spirit,53.0,3.0,3.0,True,True,1.0,2.0
05610,Skeletons,92.0,Tesla,95.0,Knight,57.0,Fireball,29.0,,,,3.0,False,False,0.0,0.0
05625,Skeletons,92.0,Tesla,95.0,Knight,57.0,Fireball,29.0,,,,4.0,False,False,0.0,0.0
05640,Skeletons,92.0,Tesla,95.0,Knight,57.0,Fireball,29.0,,,,4.0,False,False,0.0,0.0
05655,Skeletons,92.0,Tesla,95.0,Knight,57.0,Fireball,29.0,,,,4.0,False,False,0.0,0.0
05670,Skeletons,92.0,Tesla,95.0,Knight,57.0,Fireball,29.0,,,,5.0,False,False,0.0,0.0
05685,Skeletons,92.0,Tesla,95.0,Golden Knight,45.0,Fireball,29.0,Knight,57.0,3.0,5.0,True,False,0.0,5.0
05700,Skeletons,92.0,Tesla,95.0,Golden Knight,45.0,Fireball,29.0,,,,5.0,False,False,0.0,0.0
05715,X,104.0,Tesla,95.0,Golden Knight,45.0,Fireball,29.0,Skeletons,92.0,1.0,6.0,True,False,0.0,4.0
05730,X,104.0,Tesla,95.0,Golden Knight,45.0,Fireball,29.0,,,,6.0,False,False,0.0,0.0
05745,X,104.0,Tesla,95.0,Knight,57.0,Fireball,29.0,Golden Knight,45.0,3.0,7.0,True,False,0.0,2.0
05760,X,104.0,Tesla,95.0,Knight,57.0,Fireball,29.0,,,,7.0,False,False,0.0,0.0
05775,X,104.0,Tesla,95.0,Knight,57.0,Fireball,29.0,,,,7.0,False,False,0.0,0.0
05790,X,104.0,Tesla,95.0,Knight,57.0,Fireball,29.0,,,,8.0,False,False,0.0,0.0
05805,X,104.0,Tesla,95.0,Knight,57.0,Fireball,29.0,,,,8.0,False,False,0.0,0.0
05820,X,104.0,Tesla,95.0,Knight,57.0,Fireball,29.0,,,,8.0,False,False,0.0,0.0
05835,X,104.0,Tesla,95.0,Knight,57.0,Fireball,29.0,,,,9.0,False,False,0.0,0.0
05850,X,104.0,Golem,46.0,Knight,57.0,Fireball,29.0,Tesla,95.0,2.0,5.0,True,True,4.0,2.0
05865,X,104.0,Golem,46.0,Golden Knight,45.0,Fireball,29.0,Knight,57.0,3.0,5.0,True,False,0.0,5.0
05880,X,104.0,Golem,46.0,Golden Knight,45.0,Fireball,29.0,,,,6.0,False,False,0.0,0.0
05895,X,104.0,Golem,46.0,Golden Knight,45.0,Fireball,29.0,,,,6.0,False,False,0.0,0.0
05910,X,104.0,Golem,46.0,Golden Knight,45.0,Fireball,29.0,,,,6.0,False,False,0.0,0.0
05925,X,104.0,Golem,46.0,Golden Knight,45.0,Fireball,29.0,,,,7.0,False,False,0.0,0.0
05940,X,104.0,Golem,46.0,Golden Knight,45.0,Fireball,29.0,,,,7.0,False,False,0.0,0.0
05955,X,104.0,Golem,46.0,Golden Knight,45.0,Fireball,29.0,,,,8.0,False,False,0.0,0.0
05970,X,104.0,Golem,46.0,Golden Knight,45.0,Fireball,29.0,,,,8.0,False,False,0.0,0.0
05985,X,104.0,Golem,46.0,Golden Knight,45.0,Fireball,29.0,,,,8.0,False,False,0.0,0.0
06000,X,104.0,Golem,46.0,Golden Knight,45.0,Fireball,29.0,,,,9.0,False,False,0.0,0.0
06015,X,104.0,Golem,46.0,Golden Knight,45.0,Fireball,29.0,,,,9.0,False,False,0.0,0.0
06030,X,104.0,Golem,46.0,Golden Knight,45.0,Fireball,29.0,,,,9.0,False,False,0.0,0.0
06045,X,104.0,Golem,46.0,Golden Knight,45.0,Fireball,29.0,,,,10.0,False,False,0.0,0.0
06060,X,104.0,Golem,46.0,Golden Knight,45.0,Fireball,29.0,,,,10.0,False,False,0.0,0.0
