frame,card1Name,card1Label,card2Name,card2Label,card3Name,card3Label,card4Name,card4Label,cardPlayedName,cardPlayedLabel,slotPlayed,elixir,predicted_cardPlayed,y_cardPlayed,y_elixirConsumed,predicted_elixirConsumed
00225,Hunter,51.0,Earthquake,19.0,Zappies,106.0,Cannon Cart,15.0,,,,6.0,False,False,0.0,0.0
00240,Hunter,51.0,Earthquake,19.0,Zappies,106.0,Cannon Cart,15.0,,,,6.0,False,False,0.0,0.0
00255,Hunter,51.0,Earthquake,19.0,Zappies,106.0,Cannon Cart,15.0,,,,6.0,False,False,0.0,0.0
00270,Hunter,51.0,Earthquake,19.0,Zappies,106.0,Cannon Cart,15.0,,,,6.0,False,False,0.0,0.0
00285,Hunter,51.0,Earthquake,19.0,Zappies,106.0,Cannon Cart,15.0,,,,7.0,False,False,0.0,0.0
00300,Hunter,51.0,Earthquake,19.0,Zappies,106.0,Cannon Cart,15.0,,,,7.0,False,False,0.0,0.0
00315,Hunter,51.0,Earthquake,19.0,Zappies,106.0,Cannon Cart,15.0,,,,7.0,False,False,0.0,0.0
00330,Hunter,51.0,Earthquake,19.0,Zappies,106.0,Cannon Cart,15.0,,,,7.0,False,False,0.0,0.0
00345,Hunter,51.0,Earthquake,19.0,Zappies,106.0,Cannon Cart,15.0,,,,7.0,False,False,0.0,0.0
00360,Hunter,51.0,Earthquake,19.0,Zappies,106.0,Cannon Cart,15.0,,,,8.0,False,False,0.0,0.0
00375,Hunter,51.0,Earthquake,19.0,Zappies,106.0,Cannon Cart,15.0,,,,8.0,False,False,0.0,0.0
00390,Hunter,51.0,Earthquake,19.0,Zappies,106.0,Cannon Cart,15.0,,,,8.0,False,False,0.0,0.0
00405,Hunter,51.0,Earthquake,19.0,Zappies,106.0,Cannon Cart,15.0,,,,8.0,False,False,0.0,0.0
00420,Hunter,51.0,Earthquake,19.0,Zappies,106.0,Cannon Cart,15.0,,,,8.0,False,False,0.0,0.0
00435,Hunter,51.0,Earthquake,19.0,Zappies,106.0,Cannon Cart,15.0,,,,8.0,False,False,0.0,0.0
00450,Hunter,51.0,Earthquake,19.0,Zappies,106.0,Cannon Cart,15.0,,,,9.0,False,False,0.0,0.0
00465,Hunter,51.0,Earthquake,19.0,Zappies,106.0,Cannon Cart,15.0,,,,9.0,False,False,0.0,0.0
00480,Hunter,51.0,Earthquake,19.0,Zappies,106.0,Cannon Cart,15.0,,,,9.0,False,False,0.0,0.0
00495,Hunter,51.0,Earthquake,19.0,Zappies,106.0,Cannon Cart,15.0,,,,9.0,False,False,0.0,0.0
00510,Hunter,51.0,Earthquake,19.0,Zappies,106.0,Cannon Cart,15.0,,,,9.0,False,False,0.0,0.0
00525,Hunter,51.0,Earthquake,19.0,Zappies,106.0,Cannon Cart,15.0,,,,9.0,False,False,0.0,0.0
00540,Hunter,51.0,Earthquake,19.0,Zappies,106.0,Cannon Cart,15.0,,,,10.0,False,False,0.0,0.0
00555,Hunter,51.0,Earthquake,19.0,Zappies,106.0,Cannon Cart,15.0,,,,10.0,False,False,0.0,0.0
00570,Hunter,51.0,Earthquake,19.0,Zappies,106.0,Cannon Cart,15.0,,,,10.0,False,False,0.0,0.0
00585,Hunter,51.0,Earthquake,19.0,Zappies,106.0,Cannon Cart,15.0,,,,10.0,False,False,0.0,0.0
00600,Hunter,51.0,Earthquake,19.0,Zappies,106.0,Cannon Cart,15.0,,,,10.0,False,False,0.0,0.0
00615,Hunter,51.0,Earthquake,19.0,Fisherman,31.0,Cannon Cart,15.0,Zappies,106.0,3.0,6.0,True,True,4.0,2.0
00630,Hunter,51.0,Earthquake,19.0,Fisherman,31.0,Cannon Cart,15.0,,,,6.0,False,False,0.0,0.0
00645,Hunter,51.0,Earthquake,19.0,Fisherman,31.0,Cannon Cart,15.0,,,,6.0,False,False,0.0,0.0
00660,Hunter,51.0,Earthquake,19.0,Fisherman,31.0,Cannon Cart,15.0,,,,6.0,False,False,0.0,0.0
00675,Hunter,51.0,Earthquake,19.0,Fisherman,31.0,Cannon Cart,15.0,,,,6.0,False,False,0.0,0.0
00690,Hunter,51.0,Earthquake,19.0,Fisherman,31.0,Cannon Cart,15.0,,,,7.0,False,False,0.0,0.0
00705,Hunter,51.0,Earthquake,19.0,Fisherman,31.0,Cannon Cart,15.0,,,,8.0,False,False,0.0,0.0
00720,Hunter,51.0,Earthquake,19.0,Fisherman,31.0,Cannon Cart,15.0,,,,8.0,False,False,0.0,0.0
00735,Hunter,51.0,Earthquake,19.0,Fisherman,31.0,Cannon Cart,15.0,,,,8.0,False,False,0.0,0.0
00750,Hunter,51.0,Earthquake,19.0,Fisherman,31.0,Cannon Cart,15.0,,,,8.0,False,False,0.0,0.0
00765,Hunter,51.0,Earthquake,19.0,Fisherman,31.0,Cannon Cart,15.0,,,,8.0,False,False,0.0,0.0
00780,Hunter,51.0,Earthquake,19.0,Fisherman,31.0,Cannon Cart,15.0,,,,8.0,False,False,0.0,0.0
00795,Hunter,51.0,Earthquake,19.0,Fisherman,31.0,Cannon Cart,15.0,,,,8.0,False,False,0.0,0.0
00810,Hunter,51.0,Earthquake,19.0,Fisherman,31.0,Cannon Cart,15.0,,,,8.0,False,False,0.0,0.0
00825,Hunter,51.0,Earthquake,19.0,Fisherman,31.0,Cannon Cart,15.0,,,,8.0,False,False,0.0,0.0
00840,Hunter,51.0,Earthquake,19.0,Fisherman,31.0,Cannon Cart,15.0,,,,8.0,False,False,0.0,0.0
00855,Hunter,51.0,Earthquake,19.0,Fisherman,31.0,Cannon Cart,15.0,,,,9.0,False,False,0.0,0.0
00870,Hunter,51.0,Earthquake,19.0,Fisherman,31.0,Cannon Cart,15.0,,,,9.0,False,False,0.0,0.0
00885,Hunter,51.0,Earthquake,19.0,Fisherman,31.0,Cannon Cart,15.0,,,,9.0,False,False,0.0,0.0
00900,Hunter,51.0,Earthquake,19.0,Fisherman,31.0,Cannon Cart,15.0,,,,9.0,False,False,0.0,0.0
00915,Hunter,51.0,Earthquake,19.0,Fisherman,31.0,Cannon Cart,15.0,,,,9.0,False,False,0.0,0.0
00930,Hunter,51.0,Earthquake,19.0,Fisherman,31.0,Cannon Cart,15.0,,,,9.0,False,False,0.0,0.0
00945,Hunter,51.0,Earthquake,19.0,Barbarian Barrel,5.0,Cannon Cart,15.0,Fisherman,31.0,3.0,10.0,True,False,0.0,3.0
00960,Hunter,51.0,Earthquake,19.0,Barbarian Barrel,5.0,Cannon Cart,15.0,,,,10.0,False,False,0.0,0.0
00975,Hunter,51.0,Earthquake,19.0,Barbarian Barrel,5.0,Cannon Cart,15.0,,,,7.0,False,True,3.0,0.0
00990,Hunter,51.0,Earthquake,19.0,Barbarian Barrel,5.0,Cannon Cart,15.0,,,,7.0,False,False,0.0,0.0
01005,Hunter,51.0,Earthquake,19.0,Barbarian Barrel,5.0,Cannon Cart,15.0,,,,7.0,False,False,0.0,0.0
01020,Hunter,51.0,Earthquake,19.0,Barbarian Barrel,5.0,Cannon Cart,15.0,,,,7.0,False,False,0.0,0.0
01035,Hunter,51.0,Earthquake,19.0,Barbarian Barrel,5.0,Cannon Cart,15.0,,,,8.0,False,False,0.0,0.0
01050,Hunter,51.0,Earthquake,19.0,Barbarian Barrel,5.0,Cannon Cart,15.0,,,,8.0,False,False,0.0,0.0
01065,Hunter,51.0,Earthquake,19.0,Barbarian Barrel,5.0,Cannon Cart,15.0,,,,8.0,False,False,0.0,0.0
01080,Hunter,51.0,Earthquake,19.0,Barbarian Barrel,5.0,Golden Knight,45.0,Cannon Cart,15.0,4.0,8.0,True,False,0.0,3.0
01095,Hunter,51.0,Earthquake,19.0,Barbarian Barrel,5.0,Golden Knight,45.0,,,,8.0,False,False,0.0,0.0
01110,Hunter,51.0,Earthquake,19.0,Barbarian Barrel,5.0,Golden Knight,45.0,,,,9.0,False,False,0.0,0.0
01125,Hunter,51.0,Earthquake,19.0,Barbarian Barrel,5.0,Golden Knight,45.0,,,,9.0,False,False,0.0,0.0
01140,Hunter,51.0,Earthquake,19.0,Barbarian Barrel,5.0,Golden Knight,45.0,,,,9.0,False,False,0.0,0.0
01155,Hunter,51.0,Earthquake,19.0,Barbarian Barrel,5.0,Golden Knight,45.0,,,,9.0,False,False,0.0,0.0
01170,Hunter,51.0,Earthquake,19.0,Barbarian Barrel,5.0,Golden Knight,45.0,,,,9.0,False,False,0.0,0.0
01185,Hunter,51.0,Earthquake,19.0,Barbarian Barrel,5.0,Golden Knight,45.0,,,,9.0,False,False,0.0,0.0
01200,Hunter,51.0,Earthquake,19.0,Barbarian Barrel,5.0,Golden Knight,45.0,,,,10.0,False,False,0.0,0.0
01215,Hunter,51.0,Earthquake,19.0,Barbarian Barrel,5.0,Golden Knight,45.0,,,,10.0,False,False,0.0,0.0
01230,Hunter,51.0,Earthquake,19.0,Barbarian Barrel,5.0,Golden Knight,45.0,,,,10.0,False,False,0.0,0.0
01245,Hunter,51.0,Earthquake,19.0,Barbarian Barrel,5.0,Golden Knight,45.0,,,,4.0,False,True,6.0,0.0
01260,Hunter,51.0,Earthquake,19.0,Barbarian Barrel,5.0,Golden Knight,45.0,,,,4.0,False,False,0.0,0.0
01275,Hunter,51.0,Earthquake,19.0,Barbarian Barrel,5.0,Golden Knight,45.0,,,,4.0,False,False,0.0,0.0
01290,Hunter,51.0,Earthquake,19.0,Barbarian Barrel,5.0,Golden Knight,45.0,,,,4.0,False,False,0.0,0.0
01305,Hunter,51.0,Earthquake,19.0,Barbarian Barrel,5.0,Golden Knight,45.0,,,,5.0,False,False,0.0,0.0
01320,Hunter,51.0,Earthquake,19.0,Barbarian Barrel,5.0,Golden Knight,45.0,,,,5.0,False,False,0.0,0.0
01335,Hunter,51.0,Earthquake,19.0,Barbarian Barrel,5.0,Golden Knight,45.0,,,,5.0,False,False,0.0,0.0
01350,Hunter,51.0,Earthquake,19.0,Barbarian Barrel,5.0,Golden Knight,45.0,,,,5.0,False,False,0.0,0.0
01365,Hunter,51.0,Earthquake,19.0,Electro Spirit,22.0,Golden Knight,45.0,Barbarian Barrel,5.0,3.0,3.0,True,True,2.0,3.0
01380,Hunter,51.0,Earthquake,19.0,Electro Spirit,22.0,Golden Knight,45.0,,,,3.0,False,False,0.0,0.0
01395,Hunter,51.0,Earthquake,19.0,Electro Spirit,22.0,Golden Knight,45.0,,,,4.0,False,False,0.0,0.0
01410,Hunter,51.0,Earthquake,19.0,Electro Spirit,22.0,Golden Knight,45.0,,,,4.0,False,False,0.0,0.0
01425,Hunter,51.0,Earthquake,19.0,Electro Spirit,22.0,Golden Knight,45.0,,,,4.0,False,False,0.0,0.0
01440,Hunter,51.0,Earthquake,19.0,Electro Spirit,22.0,Golden Knight,45.0,,,,4.0,False,False,0.0,0.0
01455,Hunter,51.0,Earthquake,19.0,Electro Spirit,22.0,Golden Knight,45.0,,,,4.0,False,False,0.0,0.0
01470,Hunter,51.0,Earthquake,19.0,Electro Spirit,22.0,Golden Knight,45.0,,,,5.0,False,False,0.0,0.0
01485,Hunter,51.0,Earthquake,19.0,Electro Spirit,22.0,Golden Knight,45.0,,,,5.0,False,False,0.0,0.0
01500,Hunter,51.0,Earthquake,19.0,Electro Spirit,22.0,Golden Knight,45.0,,,,5.0,False,False,0.0,0.0
01515,Hunter,51.0,Earthquake,19.0,Electro Spirit,22.0,Golden Knight,45.0,,,,5.0,False,False,0.0,0.0
01530,Hunter,51.0,Earthquake,19.0,Electro Spirit,22.0,Golden Knight,45.0,,,,5.0,False,False,0.0,0.0
01545,Hunter,51.0,Earthquake,19.0,Electro Spirit,22.0,Golden Knight,45.0,,,,5.0,False,False,0.0,0.0
01560,Hunter,51.0,Earthquake,19.0,Electro Spirit,22.0,Guards,48.0,Golden Knight,45.0,4.0,6.0,True,False,0.0,2.0
01575,Hunter,51.0,Earthquake,19.0,Electro Spirit,22.0,Skeletons,92.0,Guards,48.0,4.0,6.0,True,False,0.0,5.0
01590,Hunter,51.0,Earthquake,19.0,Electro Spirit,22.0,Skeletons,92.0,,,,6.0,False,False,0.0,0.0
01605,Hunter,51.0,Earthquake,19.0,Electro Spirit,22.0,Guards,48.0,Skeletons,92.0,4.0,6.0,True,False,0.0,4.0
01620,Hunter,51.0,Earthquake,19.0,Electro Spirit,22.0,Royal Delivery,83.0,Guards,48.0,4.0,0.0,True,True,6.0,5.0
01650,Hunter,51.0,Earthquake,19.0,Electro Spirit,22.0,Royal Delivery,83.0,,,,1.0,False,False,0.0,0.0
01665,Hunter,51.0,Earthquake,19.0,Electro Spirit,22.0,Royal Delivery,83.0,,,,1.0,False,False,0.0,0.0
01680,Hunter,51.0,Earthquake,19.0,Electro Spirit,22.0,Royal Delivery,83.0,,,,1.0,False,False,0.0,0.0
01695,Hunter,51.0,Earthquake,19.0,Electro Spirit,22.0,Royal Delivery,83.0,,,,1.0,False,False,0.0,0.0
01710,Hunter,51.0,Earthquake,19.0,Electro Spirit,22.0,Royal Delivery,83.0,,,,1.0,False,False,0.0,0.0
01725,Hunter,51.0,Earthquake,19.0,Electro Spirit,22.0,Royal Delivery,83.0,,,,2.0,False,False,0.0,0.0
01740,Hunter,51.0,Earthquake,19.0,Electro Spirit,22.0,Royal Delivery,83.0,,,,2.0,False,False,0.0,0.0
01755,Hunter,51.0,Earthquake,19.0,Electro Spirit,22.0,Royal Delivery,83.0,,,,2.0,False,False,0.0,0.0
01770,Hunter,51.0,Earthquake,19.0,Electro Spirit,22.0,Royal Delivery,83.0,,,,2.0,False,False,0.0,0.0
01785,Hunter,51.0,Earthquake,19.0,Electro Spirit,22.0,Royal Delivery,83.0,,,,2.0,False,False,0.0,0.0
01800,Hunter,51.0,Earthquake,19.0,Electro Spirit,22.0,Royal Delivery,83.0,,,,2.0,False,False,0.0,0.0
01815,Hunter,51.0,Earthquake,19.0,Electro Spirit,22.0,Royal Delivery,83.0,,,,3.0,False,False,0.0,0.0
01830,Hunter,51.0,Earthquake,19.0,Electro Spirit,22.0,Royal Delivery,83.0,,,,3.0,False,False,0.0,0.0
01845,Hunter,51.0,Earthquake,19.0,Electro Spirit,22.0,Royal Delivery,83.0,,,,3.0,False,False,0.0,0.0
01860,Hunter,51.0,Royal Delivery,83.0,Electro Spirit,22.0,Royal Delivery,83.0,Earthquake,19.0,2.0,0.0,True,True,3.0,3.0
01905,Hunter,51.0,Royal Delivery,83.0,Electro Spirit,22.0,Royal Delivery,83.0,,,,1.0,False,False,0.0,0.0
01920,Hunter,51.0,Royal Delivery,83.0,Electro Spirit,22.0,Royal Delivery,83.0,,,,1.0,False,False,0.0,0.0
01935,Hunter,51.0,Royal Delivery,83.0,Electro Spirit,22.0,Royal Delivery,83.0,,,,1.0,False,False,0.0,0.0
01950,Hunter,51.0,Royal Delivery,83.0,Elixir Collector,25.0,Royal Delivery,83.0,Electro Spirit,22.0,3.0,2.0,True,False,0.0,7.0
02145,Hunter,51.0,Fisherman,31.0,Elixir Collector,25.0,Royal Delivery,83.0,Royal Delivery,83.0,2.0,2.0,True,False,0.0,6.0
02160,Hunter,51.0,Fisherman,31.0,Elixir Collector,25.0,Royal Delivery,83.0,,,,3.0,False,False,0.0,0.0
02175,Hunter,51.0,Fisherman,31.0,Elixir Collector,25.0,Royal Delivery,83.0,,,,3.0,False,False,0.0,0.0
02190,Hunter,51.0,Fisherman,31.0,Elixir Collector,25.0,Royal Delivery,83.0,,,,3.0,False,False,0.0,0.0
02205,Hunter,51.0,Fisherman,31.0,Elixir Collector,25.0,Royal Delivery,83.0,,,,3.0,False,False,0.0,0.0
02220,Hunter,51.0,Fisherman,31.0,Elixir Collector,25.0,Royal Delivery,83.0,,,,3.0,False,False,0.0,0.0
02235,Hunter,51.0,Fisherman,31.0,Elixir Collector,25.0,Zappies,106.0,Royal Delivery,83.0,4.0,4.0,True,False,0.0,6.0
02250,Hunter,51.0,Fisherman,31.0,Elixir Collector,25.0,Zappies,106.0,,,,4.0,False,False,0.0,0.0
02265,Hunter,51.0,Fisherman,31.0,Elixir Collector,25.0,Zappies,106.0,,,,4.0,False,False,0.0,0.0
02280,Hunter,51.0,Fisherman,31.0,Elixir Collector,25.0,Zappies,106.0,,,,4.0,False,False,0.0,0.0
02295,Hunter,51.0,Fisherman,31.0,Elixir Collector,25.0,Zappies,106.0,,,,4.0,False,False,0.0,0.0
02310,Hunter,51.0,Fisherman,31.0,Elixir Collector,25.0,Zappies,106.0,,,,5.0,False,False,0.0,0.0
02325,Hunter,51.0,Fisherman,31.0,Elixir Collector,25.0,Zappies,106.0,,,,5.0,False,False,0.0,0.0
02340,Hunter,51.0,Fisherman,31.0,Elixir Collector,25.0,Zappies,106.0,,,,5.0,False,False,0.0,0.0
02355,Hunter,51.0,Fisherman,31.0,Elixir Collector,25.0,Zappies,106.0,,,,5.0,False,False,0.0,0.0
02370,Hunter,51.0,Fisherman,31.0,Elixir Collector,25.0,Zappies,106.0,,,,5.0,False,False,0.0,0.0
02385,Hunter,51.0,Fisherman,31.0,Elixir Collector,25.0,Zappies,106.0,,,,5.0,False,False,0.0,0.0
02400,Hunter,51.0,Fisherman,31.0,Cannon Cart,15.0,Zappies,106.0,Elixir Collector,25.0,3.0,6.0,True,False,0.0,6.0
02415,Hunter,51.0,Fisherman,31.0,Cannon Cart,15.0,Zappies,106.0,,,,6.0,False,False,0.0,0.0
02430,Hunter,51.0,Fisherman,31.0,Cannon Cart,15.0,Zappies,106.0,,,,6.0,False,False,0.0,0.0
02445,Hunter,51.0,Fisherman,31.0,Cannon Cart,15.0,Zappies,106.0,,,,6.0,False,False,0.0,0.0
02460,Hunter,51.0,Fisherman,31.0,Cannon Cart,15.0,Zappies,106.0,,,,6.0,False,False,0.0,0.0
02475,Hunter,51.0,Fisherman,31.0,Cannon Cart,15.0,Zappies,106.0,,,,6.0,False,False,0.0,0.0
02490,Hunter,51.0,Fisherman,31.0,Cannon Cart,15.0,Zappies,106.0,,,,7.0,False,False,0.0,0.0
02505,Hunter,51.0,Fisherman,31.0,Cannon Cart,15.0,Zappies,106.0,,,,7.0,False,False,0.0,0.0
02520,Hunter,51.0,Fisherman,31.0,Cannon Cart,15.0,Zappies,106.0,,,,7.0,False,False,0.0,0.0
02535,Hunter,51.0,Fisherman,31.0,Cannon Cart,15.0,Zappies,106.0,,,,7.0,False,False,0.0,0.0
02550,Hunter,51.0,Fisherman,31.0,Cannon Cart,15.0,Zappies,106.0,,,,7.0,False,False,0.0,0.0
02565,Hunter,51.0,Fisherman,31.0,Cannon Cart,15.0,Zappies,106.0,,,,8.0,False,False,0.0,0.0
02580,Hunter,51.0,Fisherman,31.0,Cannon Cart,15.0,Zappies,106.0,,,,8.0,False,False,0.0,0.0
02595,Hunter,51.0,Fisherman,31.0,Cannon Cart,15.0,Zappies,106.0,,,,8.0,False,False,0.0,0.0
02610,Hunter,51.0,Fisherman,31.0,Cannon Cart,15.0,Zappies,106.0,,,,8.0,False,False,0.0,0.0
02625,Hunter,51.0,Fisherman,31.0,Cannon Cart,15.0,Zappies,106.0,,,,8.0,False,False,0.0,0.0
02640,Hunter,51.0,Fisherman,31.0,Cannon Cart,15.0,Zappies,106.0,,,,8.0,False,False,0.0,0.0
02655,Hunter,51.0,Fisherman,31.0,Cannon Cart,15.0,Zappies,106.0,,,,9.0,False,False,0.0,0.0
02670,Hog Rider,50.0,Fisherman,31.0,Tornado,99.0,Zappies,106.0,Cannon Cart,15.0,3.0,5.0,True,True,4.0,3.0
02685,Barbarian Barrel,5.0,Fisherman,31.0,Tornado,99.0,Zappies,106.0,Hog Rider,50.0,1.0,5.0,True,False,0.0,1.0
02700,Barbarian Barrel,5.0,Fisherman,31.0,Tornado,99.0,Zappies,106.0,,,,5.0,False,False,0.0,0.0
02715,Barbarian Barrel,5.0,Fisherman,31.0,Tornado,99.0,Zappies,106.0,,,,5.0,False,False,0.0,0.0
02730,Barbarian Barrel,5.0,Fisherman,31.0,Tornado,99.0,Zappies,106.0,,,,5.0,False,False,0.0,0.0
02745,Barbarian Barrel,5.0,Fisherman,31.0,Golden Knight,45.0,Zappies,106.0,Tornado,99.0,3.0,6.0,True,False,0.0,3.0
02760,Barbarian Barrel,5.0,Fisherman,31.0,Golden Knight,45.0,Zappies,106.0,,,,6.0,False,False,0.0,0.0
02775,Barbarian Barrel,5.0,Fisherman,31.0,Golden Knight,45.0,Zappies,106.0,,,,6.0,False,False,0.0,0.0
02790,Barbarian Barrel,5.0,Fisherman,31.0,Golden Knight,45.0,Zappies,106.0,,,,6.0,False,False,0.0,0.0
02805,Barbarian Barrel,5.0,Fisherman,31.0,Golden Knight,45.0,Zappies,106.0,,,,6.0,False,False,0.0,0.0
02820,Barbarian Barrel,5.0,Fisherman,31.0,Golden Knight,45.0,Zappies,106.0,,,,7.0,False,False,0.0,0.0
02835,Barbarian Barrel,5.0,Fisherman,31.0,Golden Knight,45.0,Zappies,106.0,,,,7.0,False,False,0.0,0.0
02850,Barbarian Barrel,5.0,Fisherman,31.0,Golden Knight,45.0,Zappies,106.0,,,,7.0,False,False,0.0,0.0
02865,Barbarian Barrel,5.0,Fisherman,31.0,Golden Knight,45.0,Zappies,106.0,,,,7.0,False,False,0.0,0.0
02880,Barbarian Barrel,5.0,Fisherman,31.0,Golden Knight,45.0,Zappies,106.0,,,,7.0,False,False,0.0,0.0
02895,Barbarian Barrel,5.0,Fisherman,31.0,Cannon Cart,15.0,Zappies,106.0,Golden Knight,45.0,3.0,7.0,True,False,0.0,2.0
02910,Barbarian Barrel,5.0,Fisherman,31.0,Cannon Cart,15.0,Zappies,106.0,,,,8.0,False,False,0.0,0.0
02925,Barbarian Barrel,5.0,Fisherman,31.0,Cannon Cart,15.0,Zappies,106.0,,,,8.0,False,False,0.0,0.0
02940,Barbarian Barrel,5.0,Fisherman,31.0,Cannon Cart,15.0,Zappies,106.0,,,,8.0,False,False,0.0,0.0
02955,Barbarian Barrel,5.0,Fisherman,31.0,Cannon Cart,15.0,Zappies,106.0,,,,8.0,False,False,0.0,0.0
02970,Barbarian Barrel,5.0,Fisherman,31.0,Cannon Cart,15.0,Zappies,106.0,,,,8.0,False,False,0.0,0.0
02985,Barbarian Barrel,5.0,Fisherman,31.0,Bomber,12.0,Zappies,106.0,Cannon Cart,15.0,3.0,9.0,True,False,0.0,3.0
03000,Barbarian Barrel,5.0,Fisherman,31.0,Cannon Cart,15.0,Zappies,106.0,Bomber,12.0,3.0,9.0,True,False,0.0,4.0
03015,Barbarian Barrel,5.0,Fisherman,31.0,Cannon Cart,15.0,Zappies,106.0,,,,9.0,False,False,0.0,0.0
03030,Barbarian Barrel,5.0,Royal Delivery,83.0,Cannon Cart,15.0,Zappies,106.0,Fisherman,31.0,2.0,6.0,True,True,3.0,3.0
03045,Barbarian Barrel,5.0,Guards,48.0,Cannon Cart,15.0,Zappies,106.0,Royal Delivery,83.0,2.0,6.0,True,False,0.0,6.0
03060,Barbarian Barrel,5.0,Executioner,27.0,Cannon Cart,15.0,Zappies,106.0,Guards,48.0,2.0,6.0,True,False,0.0,5.0
03075,Barbarian Barrel,5.0,Executioner,27.0,Cannon Cart,15.0,Zappies,106.0,,,,7.0,False,False,0.0,0.0
03090,Barbarian Barrel,5.0,Executioner,27.0,Cannon Cart,15.0,Zappies,106.0,,,,7.0,False,False,0.0,0.0
03105,Barbarian Barrel,5.0,Executioner,27.0,Cannon Cart,15.0,Zappies,106.0,,,,7.0,False,False,0.0,0.0
03120,Barbarian Barrel,5.0,Executioner,27.0,Cannon Cart,15.0,Zappies,106.0,,,,7.0,False,False,0.0,0.0
03135,Barbarian Barrel,5.0,Executioner,27.0,Cannon Cart,15.0,Zappies,106.0,,,,7.0,False,False,0.0,0.0
03150,Barbarian Barrel,5.0,Executioner,27.0,Cannon Cart,15.0,Zappies,106.0,,,,8.0,False,False,0.0,0.0
03165,Barbarian Barrel,5.0,Executioner,27.0,Cannon Cart,15.0,Zappies,106.0,,,,8.0,False,False,0.0,0.0
03180,Barbarian Barrel,5.0,Executioner,27.0,Cannon Cart,15.0,Zappies,106.0,,,,8.0,False,False,0.0,0.0
03195,Barbarian Barrel,5.0,Executioner,27.0,Cannon Cart,15.0,Zappies,106.0,,,,8.0,False,False,0.0,0.0
03210,Barbarian Barrel,5.0,Executioner,27.0,Cannon Cart,15.0,Zappies,106.0,,,,8.0,False,False,0.0,0.0
03225,Barbarian Barrel,5.0,Executioner,27.0,Cannon Cart,15.0,Zappies,106.0,,,,8.0,False,False,0.0,0.0
03240,Barbarian Barrel,5.0,Executioner,27.0,Cannon Cart,15.0,Zappies,106.0,,,,9.0,False,False,0.0,0.0
03255,Barbarian Barrel,5.0,Executioner,27.0,Cannon Cart,15.0,Zappies,106.0,,,,9.0,False,False,0.0,0.0
03270,Barbarian Barrel,5.0,Executioner,27.0,Cannon Cart,15.0,Zappies,106.0,,,,9.0,False,False,0.0,0.0
03285,Barbarian Barrel,5.0,Executioner,27.0,Cannon Cart,15.0,Zappies,106.0,,,,9.0,False,False,0.0,0.0
03300,Barbarian Barrel,5.0,Executioner,27.0,Cannon Cart,15.0,Zappies,106.0,,,,9.0,False,False,0.0,0.0
03315,Barbarian Barrel,5.0,Executioner,27.0,Cannon Cart,15.0,Zappies,106.0,,,,9.0,False,False,0.0,0.0
03330,Barbarian Barrel,5.0,Executioner,27.0,Cannon Cart,15.0,Zappies,106.0,,,,10.0,False,False,0.0,0.0
03345,Barbarian Barrel,5.0,Earthquake,19.0,Cannon Cart,15.0,Zappies,106.0,Executioner,27.0,2.0,4.0,True,True,6.0,3.0
03360,Barbarian Barrel,5.0,Earthquake,19.0,Cannon Cart,15.0,Zappies,106.0,,,,4.0,False,False,0.0,0.0
03375,Barbarian Barrel,5.0,Earthquake,19.0,Cannon Cart,15.0,Zappies,106.0,,,,4.0,False,False,0.0,0.0
03390,Barbarian Barrel,5.0,Earthquake,19.0,Cannon Cart,15.0,Zappies,106.0,,,,4.0,False,False,0.0,0.0
03405,Barbarian Barrel,5.0,Earthquake,19.0,Cannon Cart,15.0,Zappies,106.0,,,,4.0,False,False,0.0,0.0
03420,Barbarian Barrel,5.0,Earthquake,19.0,Cannon Cart,15.0,Zappies,106.0,,,,5.0,False,False,0.0,0.0
03435,Barbarian Barrel,5.0,Earthquake,19.0,Cannon Cart,15.0,Zappies,106.0,,,,5.0,False,False,0.0,0.0
03450,Barbarian Barrel,5.0,Earthquake,19.0,Cannon Cart,15.0,Zappies,106.0,,,,5.0,False,False,0.0,0.0
03465,Barbarian Barrel,5.0,Earthquake,19.0,Cannon Cart,15.0,Zappies,106.0,,,,5.0,False,False,0.0,0.0
03480,Barbarian Barrel,5.0,Earthquake,19.0,Cannon Cart,15.0,Zappies,106.0,,,,5.0,False,False,0.0,0.0
03495,Barbarian Barrel,5.0,Earthquake,19.0,Cannon Cart,15.0,Zappies,106.0,,,,5.0,False,False,0.0,0.0
03510,Barbarian Barrel,5.0,Earthquake,19.0,Cannon Cart,15.0,Zappies,106.0,,,,6.0,False,False,0.0,0.0
03525,Barbarian Barrel,5.0,Earthquake,19.0,Cannon Cart,15.0,Zappies,106.0,,,,6.0,False,False,0.0,0.0
03540,Barbarian Barrel,5.0,Earthquake,19.0,Cannon Cart,15.0,Zappies,106.0,,,,6.0,False,False,0.0,0.0
03555,Barbarian Barrel,5.0,Earthquake,19.0,Cannon Cart,15.0,Zappies,106.0,,,,6.0,False,False,0.0,0.0
03570,Barbarian Barrel,5.0,Earthquake,19.0,Cannon Cart,15.0,Zappies,106.0,,,,6.0,False,False,0.0,0.0
03585,Barbarian Barrel,5.0,Earthquake,19.0,Cannon Cart,15.0,Zappies,106.0,,,,6.0,False,False,0.0,0.0
03600,Barbarian Barrel,5.0,Earthquake,19.0,Cannon Cart,15.0,Zappies,106.0,,,,7.0,False,False,0.0,0.0
03615,Barbarian Barrel,5.0,Earthquake,19.0,Cannon Cart,15.0,Zappies,106.0,,,,7.0,False,False,0.0,0.0
03630,Barbarian Barrel,5.0,Earthquake,19.0,Cannon Cart,15.0,Zappies,106.0,,,,7.0,False,False,0.0,0.0
03645,Barbarian Barrel,5.0,Earthquake,19.0,Cannon Cart,15.0,Zappies,106.0,,,,7.0,False,False,0.0,0.0
03660,Barbarian Barrel,5.0,Earthquake,19.0,Cannon Cart,15.0,Zappies,106.0,,,,7.0,False,False,0.0,0.0
03675,Barbarian Barrel,5.0,Earthquake,19.0,Cannon Cart,15.0,Zappies,106.0,,,,8.0,False,False,0.0,0.0
03690,Barbarian Barrel,5.0,Earthquake,19.0,Cannon Cart,15.0,Zappies,106.0,,,,8.0,False,False,0.0,0.0
03705,Barbarian Barrel,5.0,Earthquake,19.0,Cannon Cart,15.0,Zappies,106.0,,,,8.0,False,False,0.0,0.0
03720,Barbarian Barrel,5.0,Earthquake,19.0,Cannon Cart,15.0,Zappies,106.0,,,,8.0,False,False,0.0,0.0
03735,Barbarian Barrel,5.0,Earthquake,19.0,Cannon Cart,15.0,Zappies,106.0,,,,8.0,False,False,0.0,0.0
03750,Barbarian Barrel,5.0,Earthquake,19.0,Cannon Cart,15.0,Zappies,106.0,,,,8.0,False,False,0.0,0.0
03765,Barbarian Barrel,5.0,Earthquake,19.0,Cannon Cart,15.0,Zappies,106.0,,,,9.0,False,False,0.0,0.0
03780,Barbarian Barrel,5.0,Electro Spirit,22.0,Cannon Cart,15.0,Zappies,106.0,Earthquake,19.0,2.0,6.0,True,True,3.0,3.0
03795,Barbarian Barrel,5.0,Electro Spirit,22.0,Cannon Cart,15.0,Zappies,106.0,,,,6.0,False,False,0.0,0.0
03810,Barbarian Barrel,5.0,Electro Spirit,22.0,Cannon Cart,15.0,Zappies,106.0,,,,7.0,False,False,0.0,0.0
03825,Barbarian Barrel,5.0,Electro Spirit,22.0,Cannon Cart,15.0,Zappies,106.0,,,,7.0,False,False,0.0,0.0
03840,Barbarian Barrel,5.0,Electro Spirit,22.0,Cannon Cart,15.0,Zappies,106.0,,,,7.0,False,False,0.0,0.0
03855,Barbarian Barrel,5.0,Electro Spirit,22.0,Cannon Cart,15.0,Zappies,106.0,,,,8.0,False,False,0.0,0.0
03870,Barbarian Barrel,5.0,Electro Spirit,22.0,Cannon Cart,15.0,Zappies,106.0,,,,8.0,False,False,0.0,0.0
03885,Barbarian Barrel,5.0,Electro Spirit,22.0,Cannon Cart,15.0,Zappies,106.0,,,,9.0,False,False,0.0,0.0
03900,Barbarian Barrel,5.0,Electro Spirit,22.0,Cannon Cart,15.0,Zappies,106.0,,,,9.0,False,False,0.0,0.0
03915,Barbarian Barrel,5.0,Electro Spirit,22.0,Cannon Cart,15.0,Zappies,106.0,,,,9.0,False,False,0.0,0.0
03930,Barbarian Barrel,5.0,Electro Spirit,22.0,Cannon Cart,15.0,Zappies,106.0,,,,10.0,False,False,0.0,0.0
03945,Barbarian Barrel,5.0,Electro Spirit,22.0,Cannon Cart,15.0,Zappies,106.0,,,,10.0,False,False,0.0,0.0
03960,Barbarian Barrel,5.0,Electro Spirit,22.0,Cannon Cart,15.0,Zappies,106.0,,,,10.0,False,False,0.0,0.0
03975,Barbarian Barrel,5.0,Electro Spirit,22.0,Cannon Cart,15.0,Zappies,106.0,,,,10.0,False,False,0.0,0.0
03990,Barbarian Barrel,5.0,Electro Spirit,22.0,Cannon Cart,15.0,Hunter,51.0,Zappies,106.0,4.0,6.0,True,True,4.0,2.0
04005,Barbarian Barrel,5.0,Electro Spirit,22.0,Cannon Cart,15.0,Hunter,51.0,,,,6.0,False,False,0.0,0.0
04020,Barbarian Barrel,5.0,Electro Spirit,22.0,Cannon Cart,15.0,Hunter,51.0,,,,7.0,False,False,0.0,0.0
04035,Barbarian Barrel,5.0,Electro Spirit,22.0,Cannon Cart,15.0,Hunter,51.0,,,,7.0,False,False,0.0,0.0
04050,Barbarian Barrel,5.0,Electro Spirit,22.0,Cannon Cart,15.0,Hunter,51.0,,,,7.0,False,False,0.0,0.0
04065,Barbarian Barrel,5.0,Electro Spirit,22.0,Cannon Cart,15.0,Hunter,51.0,,,,8.0,False,False,0.0,0.0
04080,Barbarian Barrel,5.0,Electro Spirit,22.0,Cannon Cart,15.0,Hunter,51.0,,,,8.0,False,False,0.0,0.0
04095,Barbarian Barrel,5.0,Electro Spirit,22.0,Cannon Cart,15.0,Hunter,51.0,,,,8.0,False,False,0.0,0.0
04110,Barbarian Barrel,5.0,Electro Spirit,22.0,Cannon Cart,15.0,Fisherman,31.0,Hunter,51.0,4.0,5.0,True,True,3.0,4.0
04125,Barbarian Barrel,5.0,Electro Spirit,22.0,Cannon Cart,15.0,Fisherman,31.0,,,,5.0,False,False,0.0,0.0
04140,Barbarian Barrel,5.0,Electro Spirit,22.0,Cannon Cart,15.0,Fisherman,31.0,,,,5.0,False,False,0.0,0.0
04155,Barbarian Barrel,5.0,Electro Spirit,22.0,Golden Knight,45.0,Fisherman,31.0,Cannon Cart,15.0,3.0,6.0,True,False,0.0,3.0
04170,Barbarian Barrel,5.0,Electro Spirit,22.0,Golden Knight,45.0,Fisherman,31.0,,,,6.0,False,False,0.0,0.0
04185,Barbarian Barrel,5.0,Electro Spirit,22.0,Golden Knight,45.0,Fisherman,31.0,,,,6.0,False,False,0.0,0.0
04200,Barbarian Barrel,5.0,Electro Spirit,22.0,Bomber,12.0,Fisherman,31.0,Golden Knight,45.0,3.0,7.0,True,False,0.0,2.0
04215,Barbarian Barrel,5.0,Electro Spirit,22.0,Bomber,12.0,Fisherman,31.0,,,,1.0,False,True,6.0,0.0
04230,Barbarian Barrel,5.0,Electro Spirit,22.0,Bomber,12.0,Fisherman,31.0,,,,1.0,False,False,0.0,0.0
04245,Barbarian Barrel,5.0,Electro Spirit,22.0,Bomber,12.0,Fisherman,31.0,,,,2.0,False,False,0.0,0.0
04260,Barbarian Barrel,5.0,Electro Spirit,22.0,Bomber,12.0,Fisherman,31.0,,,,2.0,False,False,0.0,0.0
04275,Barbarian Barrel,5.0,Electro Spirit,22.0,Bomber,12.0,Fisherman,31.0,,,,3.0,False,False,0.0,0.0
04290,Barbarian Barrel,5.0,Electro Spirit,22.0,Bomber,12.0,Fisherman,31.0,,,,3.0,False,False,0.0,0.0
04305,Barbarian Barrel,5.0,Electro Spirit,22.0,Bomber,12.0,Fisherman,31.0,,,,2.0,False,True,1.0,0.0
04320,Barbarian Barrel,5.0,Earthquake,19.0,Bomber,12.0,Fisherman,31.0,Electro Spirit,22.0,2.0,3.0,True,False,0.0,7.0
04335,Barbarian Barrel,5.0,Earthquake,19.0,Bomber,12.0,Fisherman,31.0,,,,3.0,False,False,0.0,0.0
04350,Barbarian Barrel,5.0,Earthquake,19.0,Bomber,12.0,Fisherman,31.0,,,,3.0,False,False,0.0,0.0
04365,Barbarian Barrel,5.0,Earthquake,19.0,Bomber,12.0,Fisherman,31.0,,,,4.0,False,False,0.0,0.0
04380,Barbarian Barrel,5.0,Earthquake,19.0,Bomber,12.0,Fisherman,31.0,,,,4.0,False,False,0.0,0.0
04395,Barbarian Barrel,5.0,Earthquake,19.0,Bomber,12.0,Fisherman,31.0,,,,4.0,False,False,0.0,0.0
04410,Barbarian Barrel,5.0,Earthquake,19.0,Bomber,12.0,Fisherman,31.0,,,,5.0,False,False,0.0,0.0
04425,Barbarian Barrel,5.0,Earthquake,19.0,Bomber,12.0,Fisherman,31.0,,,,5.0,False,False,0.0,0.0
04440,Barbarian Barrel,5.0,Earthquake,19.0,Skeletons,92.0,Fisherman,31.0,Bomber,12.0,3.0,6.0,True,False,0.0,4.0
04455,Barbarian Barrel,5.0,Earthquake,19.0,Skeletons,92.0,Fisherman,31.0,,,,6.0,False,False,0.0,0.0
04470,Barbarian Barrel,5.0,Earthquake,19.0,Skeletons,92.0,Fisherman,31.0,,,,6.0,False,False,0.0,0.0
04485,Barbarian Barrel,5.0,Earthquake,19.0,Skeletons,92.0,Fisherman,31.0,,,,7.0,False,False,0.0,0.0
04500,Barbarian Barrel,5.0,Earthquake,19.0,Skeletons,92.0,Fisherman,31.0,,,,7.0,False,False,0.0,0.0
04515,Barbarian Barrel,5.0,Earthquake,19.0,Skeletons,92.0,Fisherman,31.0,,,,7.0,False,False,0.0,0.0
04530,Barbarian Barrel,5.0,Earthquake,19.0,Skeletons,92.0,Fisherman,31.0,,,,8.0,False,False,0.0,0.0
04545,Barbarian Barrel,5.0,Earthquake,19.0,Skeletons,92.0,Fisherman,31.0,,,,8.0,False,False,0.0,0.0
04560,Barbarian Barrel,5.0,Earthquake,19.0,Skeletons,92.0,Fisherman,31.0,,,,8.0,False,False,0.0,0.0
04575,Barbarian Barrel,5.0,Earthquake,19.0,Skeletons,92.0,Fisherman,31.0,,,,9.0,False,False,0.0,0.0
04590,Barbarian Barrel,5.0,Earthquake,19.0,Skeletons,92.0,Fisherman,31.0,,,,9.0,False,False,0.0,0.0
04605,Barbarian Barrel,5.0,Earthquake,19.0,Skeletons,92.0,Fisherman,31.0,,,,9.0,False,False,0.0,0.0
04620,Barbarian Barrel,5.0,Earthquake,19.0,Guards,48.0,Fisherman,31.0,Skeletons,92.0,3.0,10.0,True,False,0.0,4.0
04635,Barbarian Barrel,5.0,Earthquake,19.0,Zappies,106.0,Fisherman,31.0,Guards,48.0,3.0,4.0,True,True,6.0,5.0
04650,Barbarian Barrel,5.0,Earthquake,19.0,Zappies,106.0,Fisherman,31.0,,,,4.0,False,False,0.0,0.0
04665,Barbarian Barrel,5.0,Earthquake,19.0,Zappies,106.0,Fisherman,31.0,,,,4.0,False,False,0.0,0.0
04680,Barbarian Barrel,5.0,Earthquake,19.0,Zappies,106.0,Fisherman,31.0,,,,5.0,False,False,0.0,0.0
04695,Barbarian Barrel,5.0,Earthquake,19.0,Zappies,106.0,Fisherman,31.0,,,,5.0,False,False,0.0,0.0
04710,Barbarian Barrel,5.0,Earthquake,19.0,Zappies,106.0,Fisherman,31.0,,,,6.0,False,False,0.0,0.0
04725,Barbarian Barrel,5.0,Earthquake,19.0,Zappies,106.0,Fisherman,31.0,,,,6.0,False,False,0.0,0.0
04740,Barbarian Barrel,5.0,Earthquake,19.0,Zappies,106.0,Fisherman,31.0,,,,6.0,False,False,0.0,0.0
04755,Barbarian Barrel,5.0,Hunter,51.0,Zappies,106.0,Fisherman,31.0,Earthquake,19.0,2.0,4.0,True,True,2.0,3.0
04770,Barbarian Barrel,5.0,Hunter,51.0,Zappies,106.0,Fisherman,31.0,,,,4.0,False,False,0.0,0.0
04785,Barbarian Barrel,5.0,Hunter,51.0,Zappies,106.0,Fisherman,31.0,,,,4.0,False,False,0.0,0.0
04800,Barbarian Barrel,5.0,Hunter,51.0,Zappies,106.0,Fisherman,31.0,,,,5.0,False,False,0.0,0.0
04815,Barbarian Barrel,5.0,Hunter,51.0,Zappies,106.0,Fisherman,31.0,,,,5.0,False,False,0.0,0.0
04830,Barbarian Barrel,5.0,Hunter,51.0,Zappies,106.0,Fisherman,31.0,,,,5.0,False,False,0.0,0.0
04845,Barbarian Barrel,5.0,Hunter,51.0,Zappies,106.0,Fisherman,31.0,,,,6.0,False,False,0.0,0.0
04860,Barbarian Barrel,5.0,Hunter,51.0,Zappies,106.0,Fisherman,31.0,,,,6.0,False,False,0.0,0.0
04875,Barbarian Barrel,5.0,Hunter,51.0,Zappies,106.0,Fisherman,31.0,,,,2.0,False,True,4.0,0.0
04890,Barbarian Barrel,5.0,Hunter,51.0,Zappies,106.0,Fisherman,31.0,,,,3.0,False,False,0.0,0.0
04905,Barbarian Barrel,5.0,Hunter,51.0,Zappies,106.0,Fisherman,31.0,,,,3.0,False,False,0.0,0.0
04920,Barbarian Barrel,5.0,Hunter,51.0,Zappies,106.0,Fisherman,31.0,,,,3.0,False,False,0.0,0.0
04935,Barbarian Barrel,5.0,Hunter,51.0,Zappies,106.0,Fisherman,31.0,,,,4.0,False,False,0.0,0.0
04950,Barbarian Barrel,5.0,Hunter,51.0,Zappies,106.0,Fisherman,31.0,,,,4.0,False,False,0.0,0.0
04965,Barbarian Barrel,5.0,Hunter,51.0,Zappies,106.0,Fisherman,31.0,,,,5.0,False,False,0.0,0.0
04980,Barbarian Barrel,5.0,Hunter,51.0,Zappies,106.0,Fisherman,31.0,,,,5.0,False,False,0.0,0.0
04995,Barbarian Barrel,5.0,Hunter,51.0,Zappies,106.0,Fisherman,31.0,,,,5.0,False,False,0.0,0.0
05010,Barbarian Barrel,5.0,Golden Knight,45.0,Zappies,106.0,Fisherman,31.0,Hunter,51.0,2.0,6.0,True,False,0.0,4.0
05025,Barbarian Barrel,5.0,Golden Knight,45.0,Zappies,106.0,Fisherman,31.0,,,,6.0,False,False,0.0,0.0
05040,Barbarian Barrel,5.0,Golden Knight,45.0,Zappies,106.0,Fisherman,31.0,,,,6.0,False,False,0.0,0.0
05055,Barbarian Barrel,5.0,Golden Knight,45.0,Zappies,106.0,Fisherman,31.0,,,,7.0,False,False,0.0,0.0
05070,Barbarian Barrel,5.0,Golden Knight,45.0,Zappies,106.0,Fisherman,31.0,,,,7.0,False,False,0.0,0.0
05085,Barbarian Barrel,5.0,Golden Knight,45.0,Zappies,106.0,Fisherman,31.0,,,,7.0,False,False,0.0,0.0
05100,Barbarian Barrel,5.0,Bomb Tower,11.0,Zappies,106.0,Fisherman,31.0,Golden Knight,45.0,2.0,2.0,True,True,5.0,2.0
05115,Barbarian Barrel,5.0,Electro Spirit,22.0,Zappies,106.0,Fisherman,31.0,Bomb Tower,11.0,2.0,2.0,True,False,0.0,4.0
05130,Barbarian Barrel,5.0,Electro Spirit,22.0,Zappies,106.0,Fisherman,31.0,,,,2.0,False,False,0.0,0.0
05145,Barbarian Barrel,5.0,Electro Spirit,22.0,Zappies,106.0,Fisherman,31.0,,,,3.0,False,False,0.0,0.0
05160,Barbarian Barrel,5.0,Valkyrie,100.0,Zappies,106.0,Fisherman,31.0,Electro Spirit,22.0,2.0,2.0,True,True,1.0,7.0
05175,Barbarian Barrel,5.0,Valkyrie,100.0,Zappies,106.0,Fisherman,31.0,,,,3.0,False,False,0.0,0.0
05190,Barbarian Barrel,5.0,Valkyrie,100.0,Zappies,106.0,Fisherman,31.0,,,,3.0,False,False,0.0,0.0
05205,Barbarian Barrel,5.0,Valkyrie,100.0,Zappies,106.0,Fisherman,31.0,,,,3.0,False,False,0.0,0.0
05220,Barbarian Barrel,5.0,Valkyrie,100.0,Zappies,106.0,Fisherman,31.0,,,,4.0,False,False,0.0,0.0
05235,Barbarian Barrel,5.0,Valkyrie,100.0,Zappies,106.0,Fisherman,31.0,,,,4.0,False,False,0.0,0.0
05250,Barbarian Barrel,5.0,Valkyrie,100.0,Zappies,106.0,Fisherman,31.0,,,,2.0,False,True,2.0,0.0
05265,Earthquake,19.0,Valkyrie,100.0,Zappies,106.0,Fisherman,31.0,Barbarian Barrel,5.0,1.0,3.0,True,False,0.0,3.0
05280,Earthquake,19.0,Valkyrie,100.0,Zappies,106.0,Fisherman,31.0,,,,3.0,False,False,0.0,0.0
05295,Earthquake,19.0,Valkyrie,100.0,Zappies,106.0,Fisherman,31.0,,,,3.0,False,False,0.0,0.0
05310,Earthquake,19.0,Valkyrie,100.0,Zappies,106.0,Fisherman,31.0,,,,4.0,False,False,0.0,0.0
05325,Earthquake,19.0,Valkyrie,100.0,Zappies,106.0,Fisherman,31.0,,,,4.0,False,False,0.0,0.0
05340,Earthquake,19.0,Valkyrie,100.0,Zappies,106.0,Fisherman,31.0,,,,4.0,False,False,0.0,0.0
05355,Earthquake,19.0,Valkyrie,100.0,Zappies,106.0,Fisherman,31.0,,,,5.0,False,False,0.0,0.0
05370,Earthquake,19.0,Valkyrie,100.0,Zappies,106.0,Fisherman,31.0,,,,5.0,False,False,0.0,0.0
05385,Earthquake,19.0,Guards,48.0,Zappies,106.0,Fisherman,31.0,Valkyrie,100.0,2.0,6.0,True,False,0.0,3.0
05400,Earthquake,19.0,Guards,48.0,Zappies,106.0,Fisherman,31.0,,,,6.0,False,False,0.0,0.0
05415,Earthquake,19.0,Guards,48.0,Zappies,106.0,Fisherman,31.0,,,,6.0,False,False,0.0,0.0
05430,Earthquake,19.0,Guards,48.0,Zappies,106.0,Fisherman,31.0,,,,7.0,False,False,0.0,0.0
05445,Earthquake,19.0,Guards,48.0,Zappies,106.0,Fisherman,31.0,,,,7.0,False,False,0.0,0.0
05460,Earthquake,19.0,Guards,48.0,Royal Delivery,83.0,Fisherman,31.0,Zappies,106.0,3.0,3.0,True,True,4.0,2.0
05475,Earthquake,19.0,Guards,48.0,Hunter,51.0,Fisherman,31.0,Royal Delivery,83.0,3.0,4.0,True,False,0.0,6.0
05490,Earthquake,19.0,Guards,48.0,Hunter,51.0,Fisherman,31.0,,,,4.0,False,False,0.0,0.0
05505,Earthquake,19.0,Guards,48.0,Hunter,51.0,Fisherman,31.0,,,,4.0,False,False,0.0,0.0
05520,Earthquake,19.0,Guards,48.0,Hunter,51.0,Fisherman,31.0,,,,5.0,False,False,0.0,0.0
05535,Earthquake,19.0,Guards,48.0,Hunter,51.0,Fisherman,31.0,,,,5.0,False,False,0.0,0.0
05595,Earthquake,19.0,Guards,48.0,Hunter,51.0,Fisherman,31.0,,,,3.0,False,True,2.0,0.0
05610,Earthquake,19.0,Guards,48.0,Hunter,51.0,Fisherman,31.0,,,,3.0,False,False,0.0,0.0
05625,Earthquake,19.0,Guards,48.0,Hunter,51.0,Fisherman,31.0,,,,3.0,False,False,0.0,0.0
05640,Earthquake,19.0,Guards,48.0,Hunter,51.0,Fisherman,31.0,,,,4.0,False,False,0.0,0.0
05655,Earthquake,19.0,Guards,48.0,Hunter,51.0,Executioner,27.0,Fisherman,31.0,4.0,1.0,True,True,3.0,3.0
05670,X,104.0,Guards,48.0,Hunter,51.0,Electro Spirit,22.0,Executioner,27.0,4.0,1.0,True,False,0.0,3.0
05685,Earthquake,19.0,Guards,48.0,Hunter,51.0,Electro Spirit,22.0,X,104.0,1.0,2.0,True,False,0.0,5.0
05700,Earthquake,19.0,Guards,48.0,Hunter,51.0,Electro Spirit,22.0,,,,2.0,False,False,0.0,0.0
05715,Earthquake,19.0,Guards,48.0,Hunter,51.0,Electro Spirit,22.0,,,,2.0,False,False,0.0,0.0
05730,Earthquake,19.0,Guards,48.0,Hunter,51.0,Electro Spirit,22.0,,,,3.0,False,False,0.0,0.0
05745,Earthquake,19.0,Guards,48.0,Hunter,51.0,Electro Spirit,22.0,,,,3.0,False,False,0.0,0.0
05760,Earthquake,19.0,Guards,48.0,Hunter,51.0,Electro Spirit,22.0,,,,3.0,False,False,0.0,0.0
05775,Earthquake,19.0,Guards,48.0,Hunter,51.0,Electro Spirit,22.0,,,,4.0,False,False,0.0,0.0
05790,Earthquake,19.0,Guards,48.0,Hunter,51.0,Electro Spirit,22.0,,,,4.0,False,False,0.0,0.0
05805,Earthquake,19.0,Guards,48.0,Hunter,51.0,Electro Spirit,22.0,,,,5.0,False,False,0.0,0.0
05820,Earthquake,19.0,Guards,48.0,Hunter,51.0,Electro Spirit,22.0,,,,5.0,False,False,0.0,0.0
05835,Earthquake,19.0,Guards,48.0,Hunter,51.0,Electro Spirit,22.0,,,,5.0,False,False,0.0,0.0
05850,Earthquake,19.0,Guards,48.0,Dart Goblin,18.0,Electro Spirit,22.0,Hunter,51.0,3.0,6.0,True,False,0.0,4.0
05865,Earthquake,19.0,Guards,48.0,Golden Knight,45.0,Electro Spirit,22.0,Dart Goblin,18.0,3.0,6.0,True,False,0.0,4.0
05880,Earthquake,19.0,Guards,48.0,Golden Knight,45.0,Electro Spirit,22.0,,,,6.0,False,False,0.0,0.0
05895,Earthquake,19.0,Guards,48.0,Golden Knight,45.0,Electro Spirit,22.0,,,,7.0,False,False,0.0,0.0
05910,Earthquake,19.0,Guards,48.0,Golden Knight,45.0,Electro Spirit,22.0,,,,7.0,False,False,0.0,0.0
05925,Earthquake,19.0,Cannon,14.0,Cannon Cart,15.0,Electro Spirit,22.0,Golden Knight,45.0,3.0,7.0,True,False,0.0,2.0
05940,Earthquake,19.0,Guards,48.0,Cannon Cart,15.0,Electro Spirit,22.0,Cannon,14.0,2.0,8.0,True,False,0.0,5.0
05955,Earthquake,19.0,Guards,48.0,Cannon Cart,15.0,Electro Spirit,22.0,,,,8.0,False,False,0.0,0.0
05970,Earthquake,19.0,Guards,48.0,Cannon Cart,15.0,Electro Spirit,22.0,,,,8.0,False,False,0.0,0.0
05985,Earthquake,19.0,Guards,48.0,Cannon Cart,15.0,Electro Spirit,22.0,,,,9.0,False,False,0.0,0.0
06000,Earthquake,19.0,Cannon,14.0,Cannon Cart,15.0,Electro Spirit,22.0,Guards,48.0,2.0,9.0,True,False,0.0,5.0
06015,Goblin Gang,41.0,Cannon,14.0,Cannon Cart,15.0,Electro Spirit,22.0,Earthquake,19.0,1.0,7.0,True,True,2.0,3.0
06030,Barbarian Barrel,5.0,Cannon,14.0,Cannon Cart,15.0,Electro Spirit,22.0,Goblin Gang,41.0,1.0,7.0,True,False,0.0,4.0
06045,Barbarian Barrel,5.0,Cannon,14.0,Cannon Cart,15.0,Electro Spirit,22.0,,,,7.0,False,False,0.0,0.0
06060,Barbarian Barrel,5.0,Cannon,14.0,Cannon Cart,15.0,Electro Spirit,22.0,,,,8.0,False,False,0.0,0.0
06075,Barbarian Barrel,5.0,Executioner,27.0,Cannon Cart,15.0,Electro Spirit,22.0,Cannon,14.0,2.0,8.0,True,False,0.0,5.0
06090,Barbarian Barrel,5.0,Skeletons,92.0,Cannon Cart,15.0,Electro Spirit,22.0,Executioner,27.0,2.0,8.0,True,False,0.0,3.0
06105,Barbarian Barrel,5.0,Executioner,27.0,Cannon Cart,15.0,Electro Spirit,22.0,Skeletons,92.0,2.0,9.0,True,False,0.0,4.0
06120,Barbarian Barrel,5.0,Skeletons,92.0,Cannon Cart,15.0,Electro Spirit,22.0,Executioner,27.0,2.0,9.0,True,False,0.0,3.0
06135,Barbarian Barrel,5.0,Skeletons,92.0,Cannon Cart,15.0,Electro Spirit,22.0,,,,9.0,False,False,0.0,0.0
06150,Barbarian Barrel,5.0,Skeletons,92.0,Cannon Cart,15.0,Electro Spirit,22.0,,,,10.0,False,False,0.0,0.0
06165,Barbarian Barrel,5.0,Skeletons,92.0,Cannon Cart,15.0,Electro Spirit,22.0,,,,10.0,False,False,0.0,0.0
06180,Barbarian Barrel,5.0,Skeletons,92.0,Cannon Cart,15.0,Electro Spirit,22.0,,,,10.0,False,False,0.0,0.0
06195,Barbarian Barrel,5.0,Zappies,106.0,Magic Archer,61.0,Electro Spirit,22.0,Cannon Cart,15.0,3.0,4.0,True,True,6.0,3.0
06210,Barbarian Barrel,5.0,Zappies,106.0,Skeleton Army,88.0,Electro Spirit,22.0,Magic Archer,61.0,3.0,4.0,True,False,0.0,4.0
06225,Barbarian Barrel,5.0,Zappies,106.0,Skeleton Barrel,89.0,Electro Spirit,22.0,Skeleton Army,88.0,3.0,5.0,True,False,0.0,7.0
06240,Barbarian Barrel,5.0,Zappies,106.0,Skeleton Barrel,89.0,Electro Spirit,22.0,,,,5.0,False,False,0.0,0.0
06255,Barbarian Barrel,5.0,Zappies,106.0,Skeleton Barrel,89.0,Electro Spirit,22.0,,,,5.0,False,False,0.0,0.0
06270,Barbarian Barrel,5.0,Zappies,106.0,Cannon Cart,15.0,Electro Spirit,22.0,Skeleton Barrel,89.0,3.0,6.0,True,False,0.0,3.0
06285,Barbarian Barrel,5.0,Royal Delivery,83.0,Cannon Cart,15.0,Electro Spirit,22.0,Zappies,106.0,2.0,2.0,True,True,4.0,2.0
06300,Barbarian Barrel,5.0,Royal Delivery,83.0,Cannon Cart,15.0,Electro Spirit,22.0,,,,2.0,False,False,0.0,0.0
06315,Barbarian Barrel,5.0,Royal Delivery,83.0,Cannon Cart,15.0,Electro Spirit,22.0,,,,3.0,False,False,0.0,0.0
06330,Barbarian Barrel,5.0,Royal Delivery,83.0,Cannon Cart,15.0,Electro Spirit,22.0,,,,3.0,False,False,0.0,0.0
06345,Barbarian Barrel,5.0,Royal Delivery,83.0,Cannon Cart,15.0,Electro Spirit,22.0,,,,3.0,False,False,0.0,0.0
06360,Barbarian Barrel,5.0,Hunter,51.0,Cannon Cart,15.0,Electro Spirit,22.0,Royal Delivery,83.0,2.0,4.0,True,False,0.0,6.0
06375,Barbarian Barrel,5.0,Hunter,51.0,Cannon Cart,15.0,Electro Spirit,22.0,,,,4.0,False,False,0.0,0.0
06390,Barbarian Barrel,5.0,Royal Delivery,83.0,Cannon Cart,15.0,Electro Spirit,22.0,Hunter,51.0,2.0,1.0,True,True,3.0,4.0
06405,Barbarian Barrel,5.0,Royal Delivery,83.0,Cannon Cart,15.0,Electro Spirit,22.0,,,,1.0,False,False,0.0,0.0
06420,Barbarian Barrel,5.0,Royal Delivery,83.0,Cannon Cart,15.0,Electro Spirit,22.0,,,,1.0,False,False,0.0,0.0
06435,Barbarian Barrel,5.0,Royal Delivery,83.0,Cannon Cart,15.0,Electro Spirit,22.0,,,,2.0,False,False,0.0,0.0
06450,Barbarian Barrel,5.0,Royal Delivery,83.0,Cannon Cart,15.0,Electro Spirit,22.0,,,,2.0,False,False,0.0,0.0
06465,Barbarian Barrel,5.0,Royal Delivery,83.0,Cannon Cart,15.0,Electro Spirit,22.0,,,,2.0,False,False,0.0,0.0
06480,Barbarian Barrel,5.0,Fisherman,31.0,Cannon Cart,15.0,Electro Spirit,22.0,Royal Delivery,83.0,2.0,3.0,True,False,0.0,6.0
06495,Barbarian Barrel,5.0,Fisherman,31.0,Cannon Cart,15.0,Electro Spirit,22.0,,,,3.0,False,False,0.0,0.0
06510,Barbarian Barrel,5.0,Fisherman,31.0,Cannon Cart,15.0,Electro Spirit,22.0,,,,3.0,False,False,0.0,0.0
06525,Barbarian Barrel,5.0,Fisherman,31.0,Cannon Cart,15.0,Electro Spirit,22.0,,,,4.0,False,False,0.0,0.0
06540,Barbarian Barrel,5.0,Fisherman,31.0,Cannon Cart,15.0,Electro Spirit,22.0,,,,4.0,False,False,0.0,0.0
06555,Barbarian Barrel,5.0,Fisherman,31.0,Cannon Cart,15.0,Electro Spirit,22.0,,,,4.0,False,False,0.0,0.0
06570,Barbarian Barrel,5.0,Fisherman,31.0,Cannon Cart,15.0,Electro Spirit,22.0,,,,5.0,False,False,0.0,0.0
06585,Barbarian Barrel,5.0,Fisherman,31.0,Cannon Cart,15.0,Earthquake,19.0,Electro Spirit,22.0,4.0,4.0,True,True,1.0,7.0
06600,Barbarian Barrel,5.0,Fisherman,31.0,Cannon Cart,15.0,Earthquake,19.0,,,,5.0,False,False,0.0,0.0
06615,Barbarian Barrel,5.0,Fisherman,31.0,Cannon Cart,15.0,Earthquake,19.0,,,,5.0,False,False,0.0,0.0
06630,Barbarian Barrel,5.0,Fisherman,31.0,Cannon Cart,15.0,Earthquake,19.0,,,,5.0,False,False,0.0,0.0
06645,Barbarian Barrel,5.0,Fisherman,31.0,Cannon Cart,15.0,Royal Delivery,83.0,Earthquake,19.0,4.0,3.0,True,True,2.0,3.0
06660,Barbarian Barrel,5.0,Fisherman,31.0,Cannon Cart,15.0,Royal Delivery,83.0,,,,3.0,False,False,0.0,0.0
06675,Barbarian Barrel,5.0,Fisherman,31.0,Cannon Cart,15.0,Royal Delivery,83.0,,,,3.0,False,False,0.0,0.0
06690,Barbarian Barrel,5.0,Fisherman,31.0,Cannon Cart,15.0,Royal Delivery,83.0,,,,4.0,False,False,0.0,0.0
06705,Barbarian Barrel,5.0,Fisherman,31.0,Cannon Cart,15.0,Royal Delivery,83.0,,,,4.0,False,False,0.0,0.0
06720,Barbarian Barrel,5.0,Fisherman,31.0,Cannon Cart,15.0,Royal Delivery,83.0,,,,4.0,False,False,0.0,0.0
06735,Barbarian Barrel,5.0,Fisherman,31.0,Cannon Cart,15.0,Royal Delivery,83.0,,,,5.0,False,False,0.0,0.0
06750,Barbarian Barrel,5.0,Fisherman,31.0,Cannon Cart,15.0,Royal Delivery,83.0,,,,5.0,False,False,0.0,0.0
06765,Barbarian Barrel,5.0,Fisherman,31.0,Cannon Cart,15.0,Royal Delivery,83.0,,,,5.0,False,False,0.0,0.0
06780,Barbarian Barrel,5.0,Fisherman,31.0,Golden Knight,45.0,Guards,48.0,Royal Delivery,83.0,4.0,6.0,True,False,0.0,6.0
06795,Barbarian Barrel,5.0,Fisherman,31.0,Cannon Cart,15.0,Skeletons,92.0,Guards,48.0,4.0,6.0,True,False,0.0,5.0
06810,Barbarian Barrel,5.0,Fisherman,31.0,Cannon Cart,15.0,Skeletons,92.0,,,,7.0,False,False,0.0,0.0
06825,Barbarian Barrel,5.0,Fisherman,31.0,Cannon Cart,15.0,Skeletons,92.0,,,,7.0,False,False,0.0,0.0
06840,Barbarian Barrel,5.0,Fisherman,31.0,Cannon Cart,15.0,Skeletons,92.0,,,,7.0,False,False,0.0,0.0
06855,Barbarian Barrel,5.0,Fisherman,31.0,Cannon Cart,15.0,Cannon,14.0,Skeletons,92.0,4.0,8.0,True,False,0.0,4.0
06870,Barbarian Barrel,5.0,Fisherman,31.0,Cannon Cart,15.0,Cannon,14.0,,,,2.0,False,True,6.0,0.0
06885,Barbarian Barrel,5.0,Fisherman,31.0,Cannon Cart,15.0,Cannon,14.0,,,,2.0,False,False,0.0,0.0
06900,Barbarian Barrel,5.0,Fisherman,31.0,Cannon Cart,15.0,Cannon,14.0,,,,3.0,False,False,0.0,0.0
06915,Barbarian Barrel,5.0,Fisherman,31.0,Cannon Cart,15.0,Cannon,14.0,,,,3.0,False,False,0.0,0.0
06930,Barbarian Barrel,5.0,Fisherman,31.0,Cannon Cart,15.0,Cannon,14.0,,,,3.0,False,False,0.0,0.0
06945,Barbarian Barrel,5.0,Fisherman,31.0,Cannon Cart,15.0,Zappies,106.0,Cannon,14.0,4.0,4.0,True,False,0.0,5.0
06960,Barbarian Barrel,5.0,Fisherman,31.0,Cannon Cart,15.0,Zappies,106.0,,,,4.0,False,False,0.0,0.0
06975,Barbarian Barrel,5.0,Fisherman,31.0,Cannon Cart,15.0,Zappies,106.0,,,,4.0,False,False,0.0,0.0
06990,Barbarian Barrel,5.0,Fisherman,31.0,Cannon Cart,15.0,Zappies,106.0,,,,5.0,False,False,0.0,0.0
07005,Barbarian Barrel,5.0,Fisherman,31.0,Cannon Cart,15.0,Royal Delivery,83.0,Zappies,106.0,4.0,5.0,True,False,0.0,2.0
07020,Barbarian Barrel,5.0,Fisherman,31.0,Cannon Cart,15.0,Royal Delivery,83.0,,,,2.0,False,True,3.0,0.0
07035,Barbarian Barrel,5.0,Fisherman,31.0,Cannon Cart,15.0,Royal Delivery,83.0,,,,2.0,False,False,0.0,0.0
07050,Barbarian Barrel,5.0,Fisherman,31.0,Cannon Cart,15.0,Royal Delivery,83.0,,,,2.0,False,False,0.0,0.0
07065,Barbarian Barrel,5.0,Fisherman,31.0,Cannon Cart,15.0,Royal Delivery,83.0,,,,3.0,False,False,0.0,0.0
07080,Barbarian Barrel,5.0,Fisherman,31.0,Cannon Cart,15.0,Royal Delivery,83.0,,,,3.0,False,False,0.0,0.0
07095,Barbarian Barrel,5.0,Fisherman,31.0,Cannon Cart,15.0,Royal Delivery,83.0,,,,3.0,False,False,0.0,0.0
07110,Barbarian Barrel,5.0,Fisherman,31.0,Cannon Cart,15.0,Hunter,51.0,Royal Delivery,83.0,4.0,4.0,True,False,0.0,6.0
07125,Barbarian Barrel,5.0,Fisherman,31.0,Cannon Cart,15.0,Hunter,51.0,,,,4.0,False,False,0.0,0.0
07140,Barbarian Barrel,5.0,Fisherman,31.0,Cannon Cart,15.0,Hunter,51.0,,,,4.0,False,False,0.0,0.0
07155,Barbarian Barrel,5.0,Fisherman,31.0,Cannon Cart,15.0,Hunter,51.0,,,,5.0,False,False,0.0,0.0
07170,Barbarian Barrel,5.0,Fisherman,31.0,Cannon Cart,15.0,Hunter,51.0,,,,5.0,False,False,0.0,0.0
07185,Barbarian Barrel,5.0,Fisherman,31.0,Cannon Cart,15.0,Hunter,51.0,,,,5.0,False,False,0.0,0.0
07200,Barbarian Barrel,5.0,Fisherman,31.0,Golden Knight,45.0,Hunter,51.0,Cannon Cart,15.0,3.0,6.0,True,False,0.0,3.0
07215,Barbarian Barrel,5.0,Fisherman,31.0,Golden Knight,45.0,Hunter,51.0,,,,6.0,False,False,0.0,0.0
07230,Barbarian Barrel,5.0,Fisherman,31.0,Electro Spirit,22.0,Hunter,51.0,Golden Knight,45.0,3.0,1.0,True,True,5.0,2.0
07245,Barbarian Barrel,5.0,Fisherman,31.0,Electro Spirit,22.0,Hunter,51.0,,,,1.0,False,False,0.0,0.0
07260,Barbarian Barrel,5.0,Fisherman,31.0,Electro Spirit,22.0,Hunter,51.0,,,,1.0,False,False,0.0,0.0
07275,Barbarian Barrel,5.0,Fisherman,31.0,Electro Spirit,22.0,Hunter,51.0,,,,2.0,False,False,0.0,0.0
07290,Barbarian Barrel,5.0,Fisherman,31.0,Electro Spirit,22.0,Hunter,51.0,,,,2.0,False,False,0.0,0.0
07305,Barbarian Barrel,5.0,Fisherman,31.0,Electro Spirit,22.0,Hunter,51.0,,,,2.0,False,False,0.0,0.0
07320,Barbarian Barrel,5.0,Fisherman,31.0,Electro Spirit,22.0,Hunter,51.0,,,,3.0,False,False,0.0,0.0
07335,Barbarian Barrel,5.0,Fisherman,31.0,Electro Spirit,22.0,Hunter,51.0,,,,3.0,False,False,0.0,0.0
07350,Barbarian Barrel,5.0,Fisherman,31.0,Electro Spirit,22.0,Hunter,51.0,,,,3.0,False,False,0.0,0.0
07365,Barbarian Barrel,5.0,Fisherman,31.0,Electro Spirit,22.0,Hunter,51.0,,,,4.0,False,False,0.0,0.0
07380,Barbarian Barrel,5.0,Fisherman,31.0,Electro Spirit,22.0,Hunter,51.0,,,,4.0,False,False,0.0,0.0
07395,Barbarian Barrel,5.0,Fisherman,31.0,Electro Spirit,22.0,Hunter,51.0,,,,5.0,False,False,0.0,0.0
07410,Barbarian Barrel,5.0,Fisherman,31.0,Electro Spirit,22.0,Royal Delivery,83.0,Hunter,51.0,4.0,3.0,True,True,2.0,4.0
07425,Barbarian Barrel,5.0,Fisherman,31.0,Electro Spirit,22.0,Royal Delivery,83.0,,,,2.0,False,True,1.0,0.0
07440,Barbarian Barrel,5.0,Fisherman,31.0,Electro Spirit,22.0,Royal Delivery,83.0,,,,2.0,False,False,0.0,0.0
07455,Barbarian Barrel,5.0,Fisherman,31.0,Electro Spirit,22.0,Earthquake,19.0,Royal Delivery,83.0,4.0,3.0,True,False,0.0,6.0
07470,Barbarian Barrel,5.0,Fisherman,31.0,Electro Spirit,22.0,Earthquake,19.0,,,,4.0,False,False,0.0,0.0
07485,Barbarian Barrel,5.0,Fisherman,31.0,Electro Spirit,22.0,Earthquake,19.0,,,,4.0,False,False,0.0,0.0
07500,Barbarian Barrel,5.0,Fisherman,31.0,Electro Spirit,22.0,Earthquake,19.0,,,,5.0,False,False,0.0,0.0
07515,Barbarian Barrel,5.0,Fisherman,31.0,Electro Spirit,22.0,Earthquake,19.0,,,,5.0,False,False,0.0,0.0
07530,Barbarian Barrel,5.0,Fisherman,31.0,Electro Spirit,22.0,Earthquake,19.0,,,,4.0,False,True,1.0,0.0
07545,Barbarian Barrel,5.0,Fisherman,31.0,Electro Spirit,22.0,Earthquake,19.0,,,,4.0,False,False,0.0,0.0
07560,Barbarian Barrel,5.0,Fisherman,31.0,Electro Spirit,22.0,Earthquake,19.0,,,,5.0,False,False,0.0,0.0
07575,Barbarian Barrel,5.0,Fisherman,31.0,Electro Spirit,22.0,Earthquake,19.0,,,,5.0,False,False,0.0,0.0
07590,Guards,48.0,Fisherman,31.0,Electro Spirit,22.0,Earthquake,19.0,Barbarian Barrel,5.0,1.0,6.0,True,False,0.0,3.0
07605,Guards,48.0,Fisherman,31.0,Electro Spirit,22.0,Earthquake,19.0,,,,6.0,False,False,0.0,0.0
07620,Guards,48.0,Fisherman,31.0,Electro Spirit,22.0,Earthquake,19.0,,,,7.0,False,False,0.0,0.0
07635,Guards,48.0,Fisherman,31.0,Electro Spirit,22.0,Earthquake,19.0,,,,7.0,False,False,0.0,0.0
07650,Guards,48.0,Fisherman,31.0,Electro Spirit,22.0,Earthquake,19.0,,,,8.0,False,False,0.0,0.0
07665,Guards,48.0,Fisherman,31.0,Electro Spirit,22.0,Hog Rider,50.0,Earthquake,19.0,4.0,6.0,True,True,2.0,3.0
07680,Guards,48.0,Fisherman,31.0,Electro Spirit,22.0,Zappies,106.0,Hog Rider,50.0,4.0,6.0,True,False,0.0,1.0
07695,Guards,48.0,Fisherman,31.0,Electro Spirit,22.0,Zappies,106.0,,,,7.0,False,False,0.0,0.0
07710,Guards,48.0,Fisherman,31.0,Electro Spirit,22.0,Zappies,106.0,,,,7.0,False,False,0.0,0.0
07725,Guards,48.0,Fisherman,31.0,Electro Spirit,22.0,Royal Delivery,83.0,Zappies,106.0,4.0,4.0,True,True,3.0,2.0
07740,Guards,48.0,Fisherman,31.0,Electro Spirit,22.0,Royal Delivery,83.0,,,,4.0,False,False,0.0,0.0
07755,Guards,48.0,Fisherman,31.0,Electro Spirit,22.0,Royal Delivery,83.0,,,,2.0,False,True,2.0,0.0
07770,Guards,48.0,Fisherman,31.0,Electro Spirit,22.0,Royal Delivery,83.0,,,,2.0,False,False,0.0,0.0
07785,Guards,48.0,Fisherman,31.0,Barbarian Barrel,5.0,Royal Delivery,83.0,Electro Spirit,22.0,3.0,2.0,True,False,0.0,7.0
07800,Guards,48.0,Fisherman,31.0,Barbarian Barrel,5.0,Royal Delivery,83.0,,,,2.0,False,False,0.0,0.0
07815,Guards,48.0,Fisherman,31.0,Barbarian Barrel,5.0,Royal Delivery,83.0,,,,3.0,False,False,0.0,0.0
07830,Guards,48.0,Fisherman,31.0,Barbarian Barrel,5.0,Royal Delivery,83.0,,,,3.0,False,False,0.0,0.0
07845,Guards,48.0,Hunter,51.0,Barbarian Barrel,5.0,Royal Delivery,83.0,Fisherman,31.0,2.0,4.0,True,False,0.0,3.0
07860,Guards,48.0,Hunter,51.0,Barbarian Barrel,5.0,Royal Delivery,83.0,,,,5.0,False,False,0.0,0.0
07875,Guards,48.0,Hunter,51.0,Barbarian Barrel,5.0,Royal Delivery,83.0,,,,5.0,False,False,0.0,0.0
07890,Guards,48.0,Hunter,51.0,Earthquake,19.0,Royal Delivery,83.0,Barbarian Barrel,5.0,3.0,4.0,True,True,1.0,3.0
07905,Guards,48.0,Hunter,51.0,Earthquake,19.0,Royal Delivery,83.0,,,,4.0,False,False,0.0,0.0
07920,Guards,48.0,Hunter,51.0,Earthquake,19.0,Royal Delivery,83.0,,,,5.0,False,False,0.0,0.0
07935,Guards,48.0,Hunter,51.0,Earthquake,19.0,Royal Delivery,83.0,,,,5.0,False,False,0.0,0.0
07950,Guards,48.0,Hunter,51.0,Earthquake,19.0,Royal Delivery,83.0,,,,3.0,False,True,2.0,0.0
07965,Guards,48.0,Hunter,51.0,Earthquake,19.0,Royal Delivery,83.0,,,,3.0,False,False,0.0,0.0
