frame,card1Name,card1Label,card2Name,card2Label,card3Name,card3Label,card4Name,card4Label,cardPlayedName,cardPlayedLabel,slotPlayed,elixir,predicted_cardPlayed,y_cardPlayed,y_elixirConsumed
00225,Goblins,44.0,,,Mini P.E.K.K.A,66.0,Miner,65.0,,,,6.0,,,
00240,Goblins,44.0,,,Mini P.E.K.K.A,66.0,Miner,65.0,,,,6.0,,,
00255,Goblins,44.0,,,Mini P.E.K.K.A,66.0,Miner,65.0,,,,6.0,,,
00270,Goblins,44.0,Lava Hound,58.0,Mini P.E.K.K.A,66.0,Miner,65.0,,,,7.0,,,
00285,Goblins,44.0,Lava Hound,58.0,Mini P.E.K.K.A,66.0,Miner,65.0,,,,7.0,,,
00300,Goblins,44.0,Lava Hound,58.0,Mini P.E.K.K.A,66.0,Miner,65.0,,,,7.0,,,
00315,Goblins,44.0,Lava Hound,58.0,Mini P.E.K.K.A,66.0,Miner,65.0,,,,7.0,,,
00330,Goblins,44.0,Lava Hound,58.0,Mini P.E.K.K.A,66.0,Miner,65.0,,,,7.0,,,
00345,Goblins,44.0,Lava Hound,58.0,Mini P.E.K.K.A,66.0,Miner,65.0,,,,7.0,,,
00360,Goblins,44.0,Lava Hound,58.0,Mini P.E.K.K.A,66.0,Miner,65.0,,,,8.0,,,
00375,Goblins,44.0,Lava Hound,58.0,Mini P.E.K.K.A,66.0,Miner,65.0,,,,8.0,,,
00390,Goblins,44.0,Lava Hound,58.0,Mini P.E.K.K.A,66.0,Miner,65.0,,,,8.0,,,
00405,Goblins,44.0,Lava Hound,58.0,Mini P.E.K.K.A,66.0,Miner,65.0,,,,8.0,,,
00420,Goblins,44.0,Lava Hound,58.0,Mini P.E.K.K.A,66.0,Miner,65.0,,,,8.0,,,
00435,Goblins,44.0,Lava Hound,58.0,Mini P.E.K.K.A,66.0,Miner,65.0,,,,9.0,,,
00450,Goblins,44.0,Lava Hound,58.0,Mini P.E.K.K.A,66.0,Miner,65.0,,,,9.0,,,
00465,Goblins,44.0,Lava Hound,58.0,Mini P.E.K.K.A,66.0,Miner,65.0,,,,9.0,,,
00480,Goblins,44.0,Lava Hound,58.0,Mini P.E.K.K.A,66.0,Miner,65.0,,,,9.0,,,
00495,Goblins,44.0,Lava Hound,58.0,Mini P.E.K.K.A,66.0,Miner,65.0,,,,9.0,,,
00510,Goblins,44.0,Lava Hound,58.0,Mini P.E.K.K.A,66.0,Miner,65.0,,,,9.0,,,
00525,Goblins,44.0,Lava Hound,58.0,Mini P.E.K.K.A,66.0,Miner,65.0,,,,10.0,,,
00540,Goblins,44.0,Lava Hound,58.0,Mini P.E.K.K.A,66.0,Miner,65.0,,,,0.0,,,
00555,Goblins,44.0,Lava Hound,58.0,Mini P.E.K.K.A,66.0,Miner,65.0,,,,10.0,,,
00570,Goblins,44.0,Lava Hound,58.0,Mini P.E.K.K.A,66.0,Miner,65.0,,,,10.0,,,
00585,Goblins,44.0,Lava Hound,58.0,Mini P.E.K.K.A,66.0,Miner,65.0,,,,10.0,,,
00600,Goblins,44.0,Lava Hound,58.0,Mini P.E.K.K.A,66.0,Miner,65.0,,,,10.0,,,
00615,Goblins,44.0,Lava Hound,58.0,Mini P.E.K.K.A,66.0,Miner,65.0,,,,10.0,,,
00630,Goblins,44.0,Lava Hound,58.0,Mini P.E.K.K.A,66.0,Miner,65.0,,,,10.0,,,
00645,Goblins,44.0,Lava Hound,58.0,Mini P.E.K.K.A,66.0,Miner,65.0,,,,10.0,,,
00660,Goblins,44.0,Lava Hound,58.0,Mini P.E.K.K.A,66.0,Miner,65.0,,,,10.0,,,
00675,Goblins,44.0,Lava Hound,58.0,Mini P.E.K.K.A,66.0,Miner,65.0,,,,10.0,,,
00690,Goblins,44.0,,,,,Miner,65.0,,,,3.0,,,
00705,Goblins,44.0,,,,,Miner,65.0,,,,3.0,,,
00720,Goblins,44.0,,,,,Miner,65.0,,,,3.0,,,
00735,Goblins,44.0,,,,,Miner,65.0,,,,3.0,,,
00750,Goblins,44.0,,,,,Miner,65.0,,,,3.0,,,
00765,Goblins,44.0,Baby Dragon,2.0,Mini P.E.K.K.A,66.0,Miner,65.0,,,,4.0,,,
00780,Goblins,44.0,Baby Dragon,2.0,Mini P.E.K.K.A,66.0,Miner,65.0,,,,4.0,,,
00795,Goblins,44.0,Baby Dragon,2.0,Mini P.E.K.K.A,66.0,Miner,65.0,,,,4.0,,,
00810,Goblins,44.0,Baby Dragon,2.0,Mini P.E.K.K.A,66.0,Miner,65.0,,,,4.0,,,
00825,Goblins,44.0,Baby Dragon,2.0,Mini P.E.K.K.A,66.0,Miner,65.0,,,,4.0,,,
00840,Goblins,44.0,Baby Dragon,2.0,Mini P.E.K.K.A,66.0,Miner,65.0,,,,4.0,,,
00855,Goblins,44.0,Baby Dragon,2.0,Mini P.E.K.K.A,66.0,Miner,65.0,,,,5.0,,,
00870,Goblins,44.0,Baby Dragon,2.0,Mini P.E.K.K.A,66.0,Miner,65.0,,,,5.0,,,
00885,Goblins,44.0,Baby Dragon,2.0,Mini P.E.K.K.A,66.0,Miner,65.0,,,,5.0,,,
00900,Goblins,44.0,Baby Dragon,2.0,Mini P.E.K.K.A,66.0,Miner,65.0,,,,5.0,,,
00915,Goblins,44.0,Baby Dragon,2.0,Mini P.E.K.K.A,66.0,Miner,65.0,,,,5.0,,,
00930,Goblins,44.0,Baby Dragon,2.0,Freeze,33.0,Miner,65.0,,,,5.0,,,
00945,Goblins,44.0,Baby Dragon,2.0,Mini P.E.K.K.A,66.0,Miner,65.0,,,,6.0,,,
00960,Goblins,44.0,Baby Dragon,2.0,Mini P.E.K.K.A,66.0,Miner,65.0,,,,6.0,,,
00975,Goblins,44.0,Baby Dragon,2.0,Mini P.E.K.K.A,66.0,Miner,65.0,,,,6.0,,,
00990,Goblins,44.0,Baby Dragon,2.0,Mini P.E.K.K.A,66.0,Miner,65.0,,,,6.0,,,
01005,Goblins,44.0,Baby Dragon,2.0,Mini P.E.K.K.A,66.0,Miner,65.0,,,,6.0,,,
01020,Goblins,44.0,Baby Dragon,2.0,Mini P.E.K.K.A,66.0,Miner,65.0,,,,7.0,,,
01035,Goblins,44.0,,,,,Miner,65.0,,,,3.0,,,
01050,Goblins,44.0,,,,,Miner,65.0,,,,3.0,,,
01065,Goblins,44.0,,,,,Miner,65.0,,,,3.0,,,
01080,Goblins,44.0,,,,,Miner,65.0,,,,3.0,,,
01095,Goblins,44.0,Baby Dragon,2.0,,,Miner,65.0,,,,3.0,,,
01110,Goblins,44.0,Baby Dragon,2.0,Fireball,29.0,Miner,65.0,,,,4.0,,,
01125,Goblins,44.0,Baby Dragon,2.0,Fireball,29.0,Miner,65.0,,,,4.0,,,
01140,Goblins,44.0,Baby Dragon,2.0,Fireball,29.0,Miner,65.0,,,,4.0,,,
01155,Goblins,44.0,Baby Dragon,2.0,Fireball,29.0,Miner,65.0,,,,4.0,,,
01170,Goblins,44.0,Baby Dragon,2.0,Fireball,29.0,Miner,65.0,,,,4.0,,,
01185,Goblins,44.0,Baby Dragon,2.0,Fireball,29.0,Miner,65.0,,,,5.0,,,
01275,Goblins,44.0,,,,,,,,,,2.0,,,
01290,Goblins,44.0,,,,,,,,,,2.0,,,
01305,Goblins,44.0,,,,,,,,,,2.0,,,
01320,Goblins,44.0,,,,,,,,,,2.0,,,
01335,Goblins,44.0,,,,,,,,,,2.0,,,
01350,Goblins,44.0,,,,,,,,,,2.0,,,
01365,Goblins,44.0,Mega Minion,63.0,,,Miner,65.0,,,,3.0,,,
01380,Goblins,44.0,Mega Minion,63.0,,,Miner,65.0,,,,3.0,,,
01530,Goblins,44.0,,,,,Zap,105.0,,,,2.0,,,
01545,Goblins,44.0,,,,,Zap,105.0,,,,2.0,,,
01560,Goblins,44.0,,,,,Zap,105.0,,,,2.0,,,
01575,Goblins,44.0,,,,,Zap,105.0,,,,2.0,,,
01590,Goblins,44.0,,,,,Zap,105.0,,,,2.0,,,
01605,Goblins,44.0,Mega Minion,63.0,,,Zap,105.0,,,,3.0,,,
01620,Goblins,44.0,Mega Minion,63.0,,,Zap,105.0,,,,3.0,,,
01635,Goblins,44.0,Mega Minion,63.0,,,Zap,105.0,,,,3.0,,,
01650,Goblins,44.0,Mega Minion,63.0,,,Zap,105.0,,,,3.0,,,
01665,Goblins,44.0,Mega Minion,63.0,,,Zap,105.0,,,,3.0,,,
01680,Goblins,44.0,Mega Minion,63.0,,,Zap,105.0,,,,3.0,,,
01695,Goblins,44.0,Mega Minion,63.0,Fireball,29.0,Zap,105.0,,,,4.0,,,
01710,Goblins,44.0,Mega Minion,63.0,Fireball,29.0,Zap,105.0,,,,4.0,,,
01860,Goblins,44.0,,,,,Zap,105.0,,,,2.0,,,
01875,Goblins,44.0,,,,,Zap,105.0,,,,2.0,,,
01890,Goblins,44.0,,,,,Zap,105.0,,,,2.0,,,
01905,Goblins,44.0,,,,,Zap,105.0,,,,2.0,,,
02025,,,,,,,Zap,105.0,,,,2.0,,,
02040,,,,,,,Zap,105.0,,,,2.0,,,
02055,,,,,,,Zap,105.0,,,,2.0,,,
02070,,,,,,,Zap,105.0,,,,2.0,,,
02085,,,,,,,Zap,105.0,,,,2.0,,,
02100,,,,,,,Zap,105.0,,,,2.0,,,
02115,,,Mega Minion,63.0,,,Zap,105.0,,,,3.0,,,
02130,,,Mega Minion,63.0,,,Zap,105.0,,,,3.0,,,
02145,,,Mega Minion,63.0,,,Zap,105.0,,,,3.0,,,
02160,,,Mega Minion,63.0,,,Zap,105.0,,,,3.0,,,
02175,,,Mega Minion,63.0,,,Zap,105.0,,,,3.0,,,
02190,Mini P.E.K.K.A,66.0,Mega Minion,63.0,,,Zap,105.0,,,,4.0,,,
02205,Mini P.E.K.K.A,66.0,Mega Minion,63.0,,,Zap,105.0,,,,4.0,,,
02220,Mini P.E.K.K.A,66.0,Mega Minion,63.0,,,Zap,105.0,,,,4.0,,,
02235,Mini P.E.K.K.A,66.0,Mega Minion,63.0,,,Zap,105.0,,,,4.0,,,
02250,Mini P.E.K.K.A,66.0,Mega Minion,63.0,,,Zap,105.0,,,,4.0,,,
02265,Mini P.E.K.K.A,66.0,Mega Minion,63.0,,,Zap,105.0,,,,4.0,,,
02280,Mini P.E.K.K.A,66.0,Mega Minion,63.0,,,Zap,105.0,,,,5.0,,,
02295,Mini P.E.K.K.A,66.0,Mega Minion,63.0,,,Zap,105.0,,,,5.0,,,
02310,Mini P.E.K.K.A,66.0,Mega Minion,63.0,,,Zap,105.0,,,,5.0,,,
02325,Mini P.E.K.K.A,66.0,Mega Minion,63.0,,,Zap,105.0,,,,5.0,,,
02340,Mini P.E.K.K.A,66.0,Mega Minion,63.0,,,Zap,105.0,,,,5.0,,,
02355,Mini P.E.K.K.A,66.0,Mega Minion,63.0,,,Zap,105.0,,,,5.0,,,
02370,Mini P.E.K.K.A,66.0,Mega Minion,63.0,,,Zap,105.0,,,,6.0,,,
02385,Mini P.E.K.K.A,66.0,Mega Minion,63.0,,,Zap,105.0,,,,6.0,,,
02400,Mini P.E.K.K.A,66.0,Mega Minion,63.0,,,Zap,105.0,,,,6.0,,,
02415,Mini P.E.K.K.A,66.0,Mega Minion,63.0,,,Zap,105.0,,,,6.0,,,
02430,Mini P.E.K.K.A,66.0,Mega Minion,63.0,,,Zap,105.0,,,,6.0,,,
02445,Mini P.E.K.K.A,66.0,Mega Minion,63.0,Lava Hound,58.0,Zap,105.0,,,,7.0,,,
02460,Mini P.E.K.K.A,66.0,Mega Minion,63.0,Lava Hound,58.0,Zap,105.0,,,,7.0,,,
02475,Mini P.E.K.K.A,66.0,Mega Minion,63.0,Lava Hound,58.0,Zap,105.0,,,,7.0,,,
02490,Mini P.E.K.K.A,66.0,Mega Minion,63.0,Lava Hound,58.0,Zap,105.0,,,,7.0,,,
02505,Mini P.E.K.K.A,66.0,Mega Minion,63.0,Lava Hound,58.0,Zap,105.0,,,,7.0,,,
02520,Mini P.E.K.K.A,66.0,Mega Minion,63.0,Lava Hound,58.0,Zap,105.0,,,,7.0,,,
02535,Mini P.E.K.K.A,66.0,Mega Minion,63.0,Lava Hound,58.0,Zap,105.0,,,,8.0,,,
02550,Mini P.E.K.K.A,66.0,Mega Minion,63.0,Lava Hound,58.0,Zap,105.0,,,,8.0,,,
02565,Mini P.E.K.K.A,66.0,Mega Minion,63.0,Lava Hound,58.0,Zap,105.0,,,,8.0,,,
02580,Mini P.E.K.K.A,66.0,Mega Minion,63.0,Lava Hound,58.0,Zap,105.0,,,,8.0,,,
02595,Mini P.E.K.K.A,66.0,Mega Minion,63.0,Lava Hound,58.0,Zap,105.0,,,,8.0,,,
02610,Mini P.E.K.K.A,66.0,Mega Minion,63.0,Lava Hound,58.0,Zap,105.0,,,,9.0,,,
02625,Mini P.E.K.K.A,66.0,Mega Minion,63.0,Lava Hound,58.0,Zap,105.0,,,,9.0,,,
02640,Mini P.E.K.K.A,66.0,Mega Minion,63.0,Lava Hound,58.0,Zap,105.0,,,,9.0,,,
02655,Mini P.E.K.K.A,66.0,Mega Minion,63.0,Lava Hound,58.0,Zap,105.0,,,,9.0,,,
02670,Mini P.E.K.K.A,66.0,Mega Minion,63.0,Lava Hound,58.0,Zap,105.0,,,,9.0,,,
02685,Mini P.E.K.K.A,66.0,Mega Minion,63.0,Lava Hound,58.0,Zap,105.0,,,,9.0,,,
02700,Mini P.E.K.K.A,66.0,Baby Dragon,2.0,Lava Hound,58.0,Zap,105.0,,,,7.0,,,
02715,Mini P.E.K.K.A,66.0,Baby Dragon,2.0,Lava Hound,58.0,Zap,105.0,,,,7.0,,,
02730,Mini P.E.K.K.A,66.0,Baby Dragon,2.0,Lava Hound,58.0,Zap,105.0,,,,7.0,,,
02745,Mini P.E.K.K.A,66.0,Baby Dragon,2.0,Lava Hound,58.0,Zap,105.0,,,,7.0,,,
02760,Mini P.E.K.K.A,66.0,Baby Dragon,2.0,Lava Hound,58.0,Zap,105.0,,,,7.0,,,
02775,Mini P.E.K.K.A,66.0,Baby Dragon,2.0,Lava Hound,58.0,Zap,105.0,,,,7.0,,,
02790,Mini P.E.K.K.A,66.0,Baby Dragon,2.0,Lava Hound,58.0,Zap,105.0,,,,8.0,,,
02805,Mini P.E.K.K.A,66.0,Baby Dragon,2.0,Lava Hound,58.0,Zap,105.0,,,,8.0,,,
02820,Mini P.E.K.K.A,66.0,Baby Dragon,2.0,Lava Hound,58.0,Zap,105.0,,,,8.0,,,
02835,Mini P.E.K.K.A,66.0,Baby Dragon,2.0,Lava Hound,58.0,Zap,105.0,,,,8.0,,,
02850,Mini P.E.K.K.A,66.0,Baby Dragon,2.0,Lava Hound,58.0,Zap,105.0,,,,8.0,,,
02865,Mini P.E.K.K.A,66.0,Baby Dragon,2.0,Lava Hound,58.0,Zap,105.0,,,,9.0,,,
02880,Mini P.E.K.K.A,66.0,Baby Dragon,2.0,Lava Hound,58.0,Zap,105.0,,,,9.0,,,
02895,Mini P.E.K.K.A,66.0,Baby Dragon,2.0,Lava Hound,58.0,Zap,105.0,,,,9.0,,,
02910,Mini P.E.K.K.A,66.0,Baby Dragon,2.0,Lava Hound,58.0,Zap,105.0,,,,9.0,,,
02925,,,,,,,Zap,105.0,,,,2.0,,,
02940,,,,,,,Zap,105.0,,,,2.0,,,
02955,,,,,Miner,65.0,Zap,105.0,,,,3.0,,,
02970,,,,,Miner,65.0,Zap,105.0,,,,3.0,,,
02985,,,,,Miner,65.0,Zap,105.0,,,,3.0,,,
03000,,,,,Miner,65.0,Zap,105.0,,,,3.0,,,
03015,,,,,Miner,65.0,Zap,105.0,,,,3.0,,,
03030,Mini P.E.K.K.A,66.0,Baby Dragon,2.0,Miner,65.0,Zap,105.0,,,,4.0,,,
03045,Mini P.E.K.K.A,66.0,Baby Dragon,2.0,Miner,65.0,Zap,105.0,,,,4.0,,,
03060,Mini P.E.K.K.A,66.0,Baby Dragon,2.0,Miner,65.0,Zap,105.0,,,,4.0,,,
03075,Mini P.E.K.K.A,66.0,Baby Dragon,2.0,Miner,65.0,Zap,105.0,,,,4.0,,,
03090,Mini P.E.K.K.A,66.0,Baby Dragon,2.0,Miner,65.0,Zap,105.0,,,,4.0,,,
03105,Mini P.E.K.K.A,66.0,Baby Dragon,2.0,Miner,65.0,Zap,105.0,,,,4.0,,,
03120,Mini P.E.K.K.A,66.0,Baby Dragon,2.0,Miner,65.0,Zap,105.0,,,,5.0,,,
03135,Mini P.E.K.K.A,66.0,Baby Dragon,2.0,Miner,65.0,Zap,105.0,,,,5.0,,,
03150,Mini P.E.K.K.A,66.0,Baby Dragon,2.0,Miner,65.0,Zap,105.0,,,,5.0,,,
03165,Mini P.E.K.K.A,66.0,Baby Dragon,2.0,Miner,65.0,Zap,105.0,,,,5.0,,,
03180,Mini P.E.K.K.A,66.0,Baby Dragon,2.0,Miner,65.0,Zap,105.0,,,,5.0,,,
03195,Mini P.E.K.K.A,66.0,Baby Dragon,2.0,Miner,65.0,Zap,105.0,,,,5.0,,,
03210,Mini P.E.K.K.A,66.0,Baby Dragon,2.0,Miner,65.0,Zap,105.0,,,,6.0,,,
03225,,,,,,,Zap,105.0,,,,2.0,,,
03240,,,,,,,Zap,105.0,,,,2.0,,,
03255,,,,,,,Zap,105.0,,,,2.0,,,
03270,,,,,,,Zap,105.0,,,,2.0,,,
03285,,,,,Miner,65.0,Zap,105.0,,,,3.0,,,
03300,,,,,Miner,65.0,Zap,105.0,,,,3.0,,,
03315,,,,,Miner,65.0,Zap,105.0,,,,3.0,,,
03330,,,,,Miner,65.0,Zap,105.0,,,,3.0,,,
03345,,,,,Miner,65.0,Zap,105.0,,,,3.0,,,
03450,,,,,Goblins,44.0,Zap,105.0,,,,2.0,,,
03465,,,,,Goblins,44.0,Zap,105.0,,,,2.0,,,
03480,,,,,Goblins,44.0,Zap,105.0,,,,2.0,,,
03495,,,,,Goblins,44.0,Zap,105.0,,,,2.0,,,
03510,,,,,Goblins,44.0,Zap,105.0,,,,2.0,,,
03525,,,,,Goblins,44.0,Zap,105.0,,,,2.0,,,
03540,,,,,Goblins,44.0,Zap,105.0,,,,3.0,,,
03555,,,,,Goblins,44.0,Zap,105.0,,,,3.0,,,
03570,,,,,Goblins,44.0,Zap,105.0,,,,3.0,,,
03585,,,,,Goblins,44.0,Zap,105.0,,,,3.0,,,
03600,,,,,Goblins,44.0,Zap,105.0,,,,3.0,,,
03615,,,,,Goblins,44.0,Zap,105.0,,,,3.0,,,
03630,Mini P.E.K.K.A,66.0,Fireball,29.0,Goblins,44.0,Zap,105.0,,,,4.0,,,
03645,Mini P.E.K.K.A,66.0,Fireball,29.0,Goblins,44.0,Zap,105.0,,,,4.0,,,
03795,Mega Minion,63.0,,,Goblins,44.0,Zap,105.0,,,,3.0,,,
03810,Mega Minion,63.0,,,Goblins,44.0,Zap,105.0,,,,3.0,,,
03825,Mega Minion,63.0,,,Goblins,44.0,Zap,105.0,,,,3.0,,,
03840,Mega Minion,63.0,Fireball,29.0,Goblins,44.0,Zap,105.0,,,,4.0,,,
03855,Mega Minion,63.0,Fireball,29.0,Goblins,44.0,Zap,105.0,,,,4.0,,,
03870,Mega Minion,63.0,Fireball,29.0,Goblins,44.0,Zap,105.0,,,,4.0,,,
03885,Mega Minion,63.0,Fireball,29.0,Goblins,44.0,Zap,105.0,,,,5.0,,,
03900,Mega Minion,63.0,Fireball,29.0,Goblins,44.0,Zap,105.0,,,,5.0,,,
03915,Mega Minion,63.0,Fireball,29.0,Goblins,44.0,Zap,105.0,,,,6.0,,,
03930,Mega Minion,63.0,Fireball,29.0,Goblins,44.0,Zap,105.0,,,,6.0,,,
03945,Mega Minion,63.0,Fireball,29.0,Goblins,44.0,Zap,105.0,,,,6.0,,,
03960,Mega Minion,63.0,Fireball,29.0,Goblins,44.0,Zap,105.0,,,,7.0,,,
03975,Mega Minion,63.0,Fireball,29.0,Goblins,44.0,Zap,105.0,,,,7.0,,,
03990,Mega Minion,63.0,Fireball,29.0,Goblins,44.0,Zap,105.0,,,,7.0,,,
04005,Mega Minion,63.0,Fireball,29.0,Goblins,44.0,Zap,105.0,,,,8.0,,,
04020,Mega Minion,63.0,Fireball,29.0,Goblins,44.0,Zap,105.0,,,,8.0,,,
04035,Mega Minion,63.0,Fireball,29.0,,,Zap,105.0,,,,6.0,,,
04050,Mega Minion,63.0,Fireball,29.0,Lava Hound,58.0,Zap,105.0,,,,3.0,,,
04065,Mega Minion,63.0,Fireball,29.0,Lava Hound,58.0,Zap,105.0,,,,3.0,,,
04080,Mega Minion,63.0,Fireball,29.0,Lava Hound,58.0,Zap,105.0,,,,3.0,,,
04095,Mega Minion,63.0,Fireball,29.0,Lava Hound,58.0,Zap,105.0,,,,8.0,,,
04110,Mega Minion,63.0,Fireball,29.0,Lava Hound,58.0,Zap,105.0,,,,8.0,,,
04125,Mega Minion,63.0,Fireball,29.0,Lava Hound,58.0,Zap,105.0,,,,9.0,,,
04140,Mega Minion,63.0,Fireball,29.0,Lava Hound,58.0,Zap,105.0,,,,9.0,,,
04155,Mega Minion,63.0,Fireball,29.0,Lava Hound,58.0,Zap,105.0,,,,9.0,,,
04170,Mega Minion,63.0,Fireball,29.0,Lava Hound,58.0,Zap,105.0,,,,10.0,,,
04185,Furnace,34.0,Fireball,29.0,Lava Hound,58.0,Zap,105.0,,,,3.0,,,
04200,Baby Dragon,2.0,Fireball,29.0,Lava Hound,58.0,Zap,105.0,,,,7.0,,,
04215,Baby Dragon,2.0,Fireball,29.0,Lava Hound,58.0,Zap,105.0,,,,7.0,,,
04230,Baby Dragon,2.0,Fireball,29.0,Lava Hound,58.0,Zap,105.0,,,,8.0,,,
04245,Baby Dragon,2.0,Fireball,29.0,Lava Hound,58.0,Zap,105.0,,,,8.0,,,
04260,Baby Dragon,2.0,Fireball,29.0,Lava Hound,58.0,Zap,105.0,,,,8.0,,,
04275,,,,,,,Zap,105.0,,,,2.0,,,
04290,,,,,,,Zap,105.0,,,,2.0,,,
04305,,,,,,,Zap,105.0,,,,2.0,,,
04320,,,,,Miner,65.0,Zap,105.0,,,,3.0,,,
04335,,,,,Miner,65.0,Zap,105.0,,,,3.0,,,
04350,Baby Dragon,2.0,Fireball,29.0,Miner,65.0,Zap,105.0,,,,4.0,,,
04365,Baby Dragon,2.0,Fireball,29.0,Miner,65.0,Zap,105.0,,,,4.0,,,
04380,Baby Dragon,2.0,Fireball,29.0,Miner,65.0,Zap,105.0,,,,4.0,,,
04440,,,,,,,Zap,105.0,,,,2.0,,,
04455,,,,,,,Zap,105.0,,,,2.0,,,
04470,,,,,,,Zap,105.0,,,,2.0,,,
04485,,,,,Miner,65.0,Zap,105.0,,,,3.0,,,
04500,,,,,Miner,65.0,Zap,105.0,,,,3.0,,,
04515,,,,,Miner,65.0,Zap,105.0,,,,3.0,,,
04560,,,,,Goblins,44.0,Zap,105.0,,,,2.0,,,
04575,,,,,Goblins,44.0,Zap,105.0,,,,2.0,,,
04590,,,,,Goblins,44.0,Zap,105.0,,,,2.0,,,
04605,,,,,Goblins,44.0,Zap,105.0,,,,3.0,,,
04620,,,,,Goblins,44.0,Zap,105.0,,,,3.0,,,
04635,,,,,Goblins,44.0,Zap,105.0,,,,3.0,,,
04650,,,,,Goblins,44.0,,,,,,2.0,,,
04665,,,,,Goblins,44.0,,,,,,2.0,,,
04680,,,,,Goblins,44.0,,,,,,2.0,,,
04695,,,,,Goblins,44.0,Mega Minion,63.0,,,,3.0,,,
04710,,,,,Elixir Collector,25.0,,,,,,3.0,,,
04770,,,,,,,Mega Minion,63.0,,,,3.0,,,
04785,,,,,,,Mega Minion,63.0,,,,3.0,,,
04800,,,,,,,Mega Minion,63.0,,,,3.0,,,
04815,Mini P.E.K.K.A,66.0,Fireball,29.0,,,Mega Minion,63.0,,,,4.0,,,
04830,Mini P.E.K.K.A,66.0,Fireball,29.0,,,Mega Minion,63.0,,,,4.0,,,
04845,Mini P.E.K.K.A,66.0,Fireball,29.0,,,Mega Minion,63.0,,,,4.0,,,
04860,Mini P.E.K.K.A,66.0,Fireball,29.0,,,Mega Minion,63.0,,,,5.0,,,
04875,Mini P.E.K.K.A,66.0,Fireball,29.0,,,Mega Minion,63.0,,,,5.0,,,
04890,Mini P.E.K.K.A,66.0,Fireball,29.0,,,Mega Minion,63.0,,,,5.0,,,
04905,Mini P.E.K.K.A,66.0,Fireball,29.0,,,Mega Minion,63.0,,,,6.0,,,
04920,Mini P.E.K.K.A,66.0,Fireball,29.0,,,Mega Minion,63.0,,,,6.0,,,
04935,Mini P.E.K.K.A,66.0,Fireball,29.0,,,Mega Minion,63.0,,,,6.0,,,
04950,Mini P.E.K.K.A,66.0,Fireball,29.0,Lava Hound,58.0,Mega Minion,63.0,,,,7.0,,,
04965,Mini P.E.K.K.A,66.0,Fireball,29.0,,,Baby Dragon,2.0,,,,4.0,,,
04980,Mini P.E.K.K.A,66.0,Fireball,29.0,,,Baby Dragon,2.0,,,,5.0,,,
04995,Mini P.E.K.K.A,66.0,Fireball,29.0,,,Baby Dragon,2.0,,,,5.0,,,
05010,Mini P.E.K.K.A,66.0,Fireball,29.0,,,Baby Dragon,2.0,,,,5.0,,,
05025,Mini P.E.K.K.A,66.0,Fireball,29.0,,,Baby Dragon,2.0,,,,6.0,,,
05040,Mini P.E.K.K.A,66.0,Fireball,29.0,,,Baby Dragon,2.0,,,,6.0,,,
05055,Mini P.E.K.K.A,66.0,Fireball,29.0,,,Baby Dragon,2.0,,,,6.0,,,
05070,Mini P.E.K.K.A,66.0,Fireball,29.0,Lava Hound,58.0,Baby Dragon,2.0,,,,3.0,,,
05085,Mini P.E.K.K.A,66.0,Fireball,29.0,Lava Hound,58.0,Baby Dragon,2.0,,,,7.0,,,
05100,Mini P.E.K.K.A,66.0,Fireball,29.0,Lava Hound,58.0,Baby Dragon,2.0,,,,7.0,,,
05115,Mini P.E.K.K.A,66.0,Fireball,29.0,Lava Hound,58.0,Baby Dragon,2.0,,,,8.0,,,
05130,Mini P.E.K.K.A,66.0,Fireball,29.0,Lava Hound,58.0,Baby Dragon,2.0,,,,8.0,,,
05145,Mini P.E.K.K.A,66.0,Fireball,29.0,Lava Hound,58.0,Baby Dragon,2.0,,,,8.0,,,
05160,Mini P.E.K.K.A,66.0,Miner,65.0,,,Baby Dragon,2.0,,,,5.0,,,
05175,Mini P.E.K.K.A,66.0,Miner,65.0,,,Baby Dragon,2.0,,,,5.0,,,
05190,Mini P.E.K.K.A,66.0,Miner,65.0,,,Baby Dragon,2.0,,,,6.0,,,
05205,Mini P.E.K.K.A,66.0,Miner,65.0,,,Baby Dragon,2.0,,,,6.0,,,
05220,Mini P.E.K.K.A,66.0,Miner,65.0,,,Baby Dragon,2.0,,,,6.0,,,
05235,Mini P.E.K.K.A,66.0,Miner,65.0,Lava Hound,58.0,Baby Dragon,2.0,,,,7.0,,,
05250,Mini P.E.K.K.A,66.0,Miner,65.0,Lava Hound,58.0,Baby Dragon,2.0,,,,7.0,,,
05265,Mini P.E.K.K.A,66.0,Miner,65.0,Lava Hound,58.0,Baby Dragon,2.0,,,,7.0,,,
05280,Mini P.E.K.K.A,66.0,Miner,65.0,Lava Hound,58.0,Baby Dragon,2.0,,,,8.0,,,
05295,Mini P.E.K.K.A,66.0,Miner,65.0,Lava Hound,58.0,Baby Dragon,2.0,,,,8.0,,,
05310,Mini P.E.K.K.A,66.0,Miner,65.0,Lava Hound,58.0,Baby Dragon,2.0,,,,8.0,,,
05325,Mini P.E.K.K.A,66.0,Miner,65.0,Lava Hound,58.0,Baby Dragon,2.0,,,,9.0,,,
05340,Mini P.E.K.K.A,66.0,Miner,65.0,Lava Hound,58.0,Baby Dragon,2.0,,,,9.0,,,
05355,Mini P.E.K.K.A,66.0,Miner,65.0,,,Zap,105.0,,,,6.0,,,
05370,Mini P.E.K.K.A,66.0,Miner,65.0,,,Zap,105.0,,,,6.0,,,
05385,Mini P.E.K.K.A,66.0,Miner,65.0,,,Zap,105.0,,,,6.0,,,
05400,Mini P.E.K.K.A,66.0,Miner,65.0,Lava Hound,58.0,Zap,105.0,,,,7.0,,,
05415,Mini P.E.K.K.A,66.0,Miner,65.0,Lava Hound,58.0,Zap,105.0,,,,3.0,,,
05430,Mini P.E.K.K.A,66.0,Miner,65.0,Lava Hound,58.0,Zap,105.0,,,,3.0,,,
05445,Mini P.E.K.K.A,66.0,Miner,65.0,Lava Hound,58.0,Zap,105.0,,,,8.0,,,
05460,Mini P.E.K.K.A,66.0,Miner,65.0,Lava Hound,58.0,Zap,105.0,,,,8.0,,,
05475,Mini P.E.K.K.A,66.0,Miner,65.0,Lava Hound,58.0,Zap,105.0,,,,8.0,,,
05490,Mini P.E.K.K.A,66.0,Miner,65.0,Lava Hound,58.0,Zap,105.0,,,,9.0,,,
05505,,,,,Goblins,44.0,Zap,105.0,,,,2.0,,,
05520,,,,,Goblins,44.0,Zap,105.0,,,,2.0,,,
05535,,,Miner,65.0,Goblins,44.0,Zap,105.0,,,,3.0,,,
05550,,,Miner,65.0,Goblins,44.0,Zap,105.0,,,,3.0,,,
05565,,,Miner,65.0,Goblins,44.0,Zap,105.0,,,,3.0,,,
05580,Mini P.E.K.K.A,66.0,Miner,65.0,Goblins,44.0,Zap,105.0,,,,4.0,,,
05595,Mini P.E.K.K.A,66.0,Miner,65.0,Goblins,44.0,Zap,105.0,,,,4.0,,,
05610,Mini P.E.K.K.A,66.0,Miner,65.0,Goblins,44.0,Zap,105.0,,,,5.0,,,
05625,Mini P.E.K.K.A,66.0,Miner,65.0,Goblins,44.0,Zap,105.0,,,,5.0,,,
05655,,,,,Goblins,44.0,Zap,105.0,,,,2.0,,,
05670,,,,,Goblins,44.0,Zap,105.0,,,,2.0,,,
05685,,,,,Goblins,44.0,Zap,105.0,,,,2.0,,,
05700,Mega Minion,63.0,Miner,65.0,Goblins,44.0,Zap,105.0,,,,3.0,,,
05715,Mega Minion,63.0,Miner,65.0,Goblins,44.0,Zap,105.0,,,,3.0,,,
05790,,,,,Goblins,44.0,Zap,105.0,,,,2.0,,,
05805,,,,,Goblins,44.0,Zap,105.0,,,,2.0,,,
05820,Mega Minion,63.0,,,Goblins,44.0,Zap,105.0,,,,3.0,,,
05835,Mega Minion,63.0,,,Goblins,44.0,Zap,105.0,,,,3.0,,,
05850,Mega Minion,63.0,,,Goblins,44.0,Zap,105.0,,,,3.0,,,
05865,Mega Minion,63.0,Fireball,29.0,Goblins,44.0,Zap,105.0,,,,4.0,,,
05880,Mega Minion,63.0,Fireball,29.0,Goblins,44.0,Zap,105.0,,,,4.0,,,
05895,,,,,Goblins,44.0,,,,,,2.0,,,
05910,Mega Minion,63.0,,,Goblins,44.0,,,,,,3.0,,,
05925,Mega Minion,63.0,,,Goblins,44.0,,,,,,3.0,,,
05940,Mega Minion,63.0,,,Goblins,44.0,,,,,,3.0,,,
05955,Mega Minion,63.0,Fireball,29.0,Goblins,44.0,Baby Dragon,2.0,,,,4.0,,,
05970,Mega Minion,63.0,Fireball,29.0,Goblins,44.0,Baby Dragon,2.0,,,,4.0,,,
05985,Mega Minion,63.0,Fireball,29.0,Goblins,44.0,Baby Dragon,2.0,,,,4.0,,,
06000,Mega Minion,63.0,Fireball,29.0,Goblins,44.0,Baby Dragon,2.0,,,,5.0,,,
06015,Mega Minion,63.0,Fireball,29.0,Goblins,44.0,Baby Dragon,2.0,,,,5.0,,,
06030,Mega Minion,63.0,Fireball,29.0,Goblins,44.0,Baby Dragon,2.0,,,,6.0,,,
06045,Mega Minion,63.0,Fireball,29.0,Goblins,44.0,Baby Dragon,2.0,,,,6.0,,,
06060,Mega Minion,63.0,Fireball,29.0,Goblins,44.0,Baby Dragon,2.0,,,,6.0,,,
06075,Mega Minion,63.0,Fireball,29.0,Goblins,44.0,Baby Dragon,2.0,,,,7.0,,,
06090,Mega Minion,63.0,Fireball,29.0,Goblins,44.0,Baby Dragon,2.0,,,,7.0,,,
06105,Mega Minion,63.0,Fireball,29.0,Goblins,44.0,Baby Dragon,2.0,,,,7.0,,,
06120,Mega Minion,63.0,Fireball,29.0,Goblins,44.0,Baby Dragon,2.0,,,,8.0,,,
06135,Mega Minion,63.0,Fireball,29.0,Goblins,44.0,Baby Dragon,2.0,,,,8.0,,,
06150,Mega Minion,63.0,Fireball,29.0,Goblins,44.0,Baby Dragon,2.0,,,,8.0,,,
06165,Mega Minion,63.0,Fireball,29.0,Goblins,44.0,Royal Delivery,83.0,,,,5.0,,,
06180,Mega Minion,63.0,Fireball,29.0,Goblins,44.0,,,,,,5.0,,,
06195,Mega Minion,63.0,Fireball,29.0,Goblins,44.0,,,,,,5.0,,,
06210,Mega Minion,63.0,Fireball,29.0,Goblins,44.0,,,,,,6.0,,,
06225,Mega Minion,63.0,Fireball,29.0,Goblins,44.0,,,,,,6.0,,,
06240,Mega Minion,63.0,Fireball,29.0,Goblins,44.0,Lava Hound,58.0,,,,7.0,,,
06255,Mega Minion,63.0,Fireball,29.0,Goblins,44.0,Lava Hound,58.0,,,,7.0,,,
06270,Mega Minion,63.0,Fireball,29.0,Goblins,44.0,Lava Hound,58.0,,,,7.0,,,
06285,Mega Minion,63.0,Fireball,29.0,Goblins,44.0,Lava Hound,58.0,,,,8.0,,,
06300,Mega Minion,63.0,Fireball,29.0,Goblins,44.0,Lava Hound,58.0,,,,8.0,,,
06315,Mega Minion,63.0,Fireball,29.0,Goblins,44.0,Lava Hound,58.0,,,,8.0,,,
06330,Mega Minion,63.0,Fireball,29.0,Goblins,44.0,Lava Hound,58.0,,,,9.0,,,
06345,,,,,Goblins,44.0,,,,,,2.0,,,
06360,,,,,Goblins,44.0,,,,,,2.0,,,
06375,Mega Minion,63.0,,,Goblins,44.0,,,,,,3.0,,,
06390,Mega Minion,63.0,,,Goblins,44.0,,,,,,3.0,,,
06405,Mega Minion,63.0,,,Goblins,44.0,,,,,,3.0,,,
06420,Mega Minion,63.0,Fireball,29.0,Goblins,44.0,Mini P.E.K.K.A,66.0,,,,4.0,,,
06435,Mega Minion,63.0,Fireball,29.0,Goblins,44.0,Mini P.E.K.K.A,66.0,,,,4.0,,,
06450,Mega Minion,63.0,Fireball,29.0,Goblins,44.0,Mini P.E.K.K.A,66.0,,,,5.0,,,
06465,Mega Minion,63.0,Fireball,29.0,Goblins,44.0,Mini P.E.K.K.A,66.0,,,,5.0,,,
06480,,,,,Goblins,44.0,,,,,,1.0,,,
06495,,,,,Goblins,44.0,,,,,,2.0,,,
06510,,,,,Goblins,44.0,,,,,,2.0,,,
06525,,,,,Goblins,44.0,,,,,,2.0,,,
06540,Mega Minion,63.0,Miner,65.0,Goblins,44.0,,,,,,3.0,,,
06555,Mega Minion,63.0,Miner,65.0,Goblins,44.0,,,,,,3.0,,,
06570,Mega Minion,63.0,Miner,65.0,Goblins,44.0,,,,,,3.0,,,
06630,,,Zap,105.0,Goblins,44.0,,,,,,2.0,,,
06645,,,Zap,105.0,Goblins,44.0,,,,,,2.0,,,
06705,,,Zap,105.0,,,,,,,,2.0,,,
06720,,,Zap,105.0,,,,,,,,2.0,,,
06735,,,Royal Delivery,83.0,,,,,,,,0.0,,,
06840,Mega Minion,63.0,,,,,,,,,,3.0,,,
06855,Mega Minion,63.0,,,,,,,,,,3.0,,,
06870,Mega Minion,63.0,,,Baby Dragon,2.0,Mini P.E.K.K.A,66.0,,,,4.0,,,
06885,Mega Minion,63.0,,,Baby Dragon,2.0,Mini P.E.K.K.A,66.0,,,,4.0,,,
06900,Mega Minion,63.0,,,Baby Dragon,2.0,Mini P.E.K.K.A,66.0,,,,4.0,,,
06915,Mega Minion,63.0,,,Baby Dragon,2.0,Mini P.E.K.K.A,66.0,,,,5.0,,,
06930,Mega Minion,63.0,,,Baby Dragon,2.0,Mini P.E.K.K.A,66.0,,,,5.0,,,
06945,Mega Minion,63.0,,,Baby Dragon,2.0,Mini P.E.K.K.A,66.0,,,,5.0,,,
06960,Mega Minion,63.0,,,Baby Dragon,2.0,Mini P.E.K.K.A,66.0,,,,6.0,,,
06975,Mega Minion,63.0,,,Baby Dragon,2.0,Mini P.E.K.K.A,66.0,,,,6.0,,,
06990,Mega Minion,63.0,,,Baby Dragon,2.0,Mini P.E.K.K.A,66.0,,,,6.0,,,
07005,Mega Minion,63.0,Lava Hound,58.0,Baby Dragon,2.0,Mini P.E.K.K.A,66.0,,,,7.0,,,
07020,Mega Minion,63.0,Lava Hound,58.0,Baby Dragon,2.0,Mini P.E.K.K.A,66.0,,,,7.0,,,
07035,Mega Minion,63.0,Lava Hound,58.0,Baby Dragon,2.0,Mini P.E.K.K.A,66.0,,,,7.0,,,
07050,Mega Minion,63.0,Lava Hound,58.0,Baby Dragon,2.0,Mini P.E.K.K.A,66.0,,,,8.0,,,
07065,Mega Minion,63.0,Lava Hound,58.0,Baby Dragon,2.0,Mini P.E.K.K.A,66.0,,,,8.0,,,
07080,Mega Minion,63.0,,,Fireball,29.0,Mini P.E.K.K.A,66.0,,,,5.0,,,
07095,Mega Minion,63.0,,,Fireball,29.0,Mini P.E.K.K.A,66.0,,,,5.0,,,
07110,Mega Minion,63.0,,,Fireball,29.0,Mini P.E.K.K.A,66.0,,,,5.0,,,
07125,Mega Minion,63.0,,,Fireball,29.0,Mini P.E.K.K.A,66.0,,,,6.0,,,
07140,Mega Minion,63.0,,,Fireball,29.0,Mini P.E.K.K.A,66.0,,,,6.0,,,
07155,Mega Minion,63.0,,,Fireball,29.0,Mini P.E.K.K.A,66.0,,,,6.0,,,
07170,Mega Minion,63.0,Lava Hound,58.0,Fireball,29.0,Mini P.E.K.K.A,66.0,,,,7.0,,,
07185,Mega Minion,63.0,Lava Hound,58.0,Fireball,29.0,Mini P.E.K.K.A,66.0,,,,7.0,,,
07200,Mega Minion,63.0,Lava Hound,58.0,Fireball,29.0,Mini P.E.K.K.A,66.0,,,,7.0,,,
07215,Mega Minion,63.0,Lava Hound,58.0,Fireball,29.0,Mini P.E.K.K.A,66.0,,,,8.0,,,
07230,Mega Minion,63.0,Lava Hound,58.0,Fireball,29.0,Mini P.E.K.K.A,66.0,,,,8.0,,,
07245,Mega Minion,63.0,,,Fireball,29.0,Miner,65.0,,,,4.0,,,
07260,Mega Minion,63.0,,,Fireball,29.0,Miner,65.0,,,,5.0,,,
07290,,,,,Goblins,44.0,,,,,,2.0,,,
07305,,,,,Goblins,44.0,,,,,,2.0,,,
07320,,,,,Goblins,44.0,,,,,,2.0,,,
07335,Mega Minion,63.0,,,Goblins,44.0,Miner,65.0,,,,3.0,,,
07350,Mega Minion,63.0,,,Goblins,44.0,Miner,65.0,,,,3.0,,,
07365,Mega Minion,63.0,,,Goblins,44.0,Miner,65.0,,,,3.0,,,
07380,Mega Minion,63.0,,,Goblins,44.0,Miner,65.0,,,,4.0,,,
07395,,,,,Goblins,44.0,Royal Delivery,83.0,,,,7.0,,,
07410,,,,,Goblins,44.0,Zap,105.0,,,,2.0,,,
07425,,,,,Goblins,44.0,Zap,105.0,,,,2.0,,,
07440,Mega Minion,63.0,,,Goblins,44.0,Zap,105.0,,,,3.0,,,
07455,Mega Minion,63.0,,,Goblins,44.0,Zap,105.0,,,,3.0,,,
07470,Mega Minion,63.0,,,Goblins,44.0,Zap,105.0,,,,4.0,,,
07485,Mega Minion,63.0,,,Goblins,44.0,Zap,105.0,,,,5.0,,,
07500,Mega Minion,63.0,,,Goblins,44.0,Zap,105.0,,,,5.0,,,
07515,Mega Minion,63.0,,,Goblins,44.0,Zap,105.0,,,,6.0,,,
07530,Mega Minion,63.0,,,Goblins,44.0,Zap,105.0,,,,6.0,,,
07545,Mega Minion,63.0,Lava Hound,58.0,Goblins,44.0,Zap,105.0,,,,7.0,,,
07560,Mega Minion,63.0,Lava Hound,58.0,Goblins,44.0,Zap,105.0,,,,3.0,,,
07575,Mega Minion,63.0,Lava Hound,58.0,Goblins,44.0,Zap,105.0,,,,8.0,,,
07590,Mega Minion,63.0,Lava Hound,58.0,Goblins,44.0,Zap,105.0,,,,8.0,,,
07605,Mega Minion,63.0,Lava Hound,58.0,Goblins,44.0,Zap,105.0,,,,9.0,,,
07620,Mega Minion,63.0,Lava Hound,58.0,Goblins,44.0,Zap,105.0,,,,9.0,,,
07635,Mega Minion,63.0,Lava Hound,58.0,Goblins,44.0,Zap,105.0,,,,10.0,,,
07650,Mega Minion,63.0,Lava Hound,58.0,Royal Delivery,83.0,Zap,105.0,,,,8.0,,,
07665,Mega Minion,63.0,Lava Hound,58.0,Baby Dragon,2.0,Zap,105.0,,,,8.0,,,
07680,Mega Minion,63.0,Lava Hound,58.0,Baby Dragon,2.0,Zap,105.0,,,,9.0,,,
07695,Mega Minion,63.0,Lava Hound,58.0,Baby Dragon,2.0,Zap,105.0,,,,9.0,,,
07710,Mini P.E.K.K.A,66.0,Lava Hound,58.0,Baby Dragon,2.0,Zap,105.0,,,,3.0,,,
07725,Mini P.E.K.K.A,66.0,Lava Hound,58.0,Baby Dragon,2.0,Zap,105.0,,,,7.0,,,
07740,Mini P.E.K.K.A,66.0,Lava Hound,58.0,Baby Dragon,2.0,Zap,105.0,,,,8.0,,,
07755,Mini P.E.K.K.A,66.0,Lava Hound,58.0,Baby Dragon,2.0,Zap,105.0,,,,8.0,,,
07770,Fireball,29.0,,,Baby Dragon,2.0,Zap,105.0,,,,5.0,,,
07785,Fireball,29.0,,,Baby Dragon,2.0,Zap,105.0,,,,5.0,,,
07800,Fireball,29.0,,,Baby Dragon,2.0,Zap,105.0,,,,6.0,,,
07815,Fireball,29.0,Lava Hound,58.0,Baby Dragon,2.0,Zap,105.0,,,,7.0,,,
07830,Miner,65.0,,,Skeleton Army,88.0,Zap,105.0,,,,3.0,,,
